Year,Author(s),Hugo,Novelette,Publisher or publication,Nika,Tom,Tom Date Read,Tom Rating,Tom Shelf
2026,Scott Lynch,Nominee,Kaiju Agonistes,Reactor,,,,,
2026,H.H. Pak,Nominee,Never Eaten Vegetables,Clarkesworld,,,,,
2026,Martha Wells,Nominee,"Rapport: Friendship, Solidarity, Communion, Empathy",Reactor,,,,,
2026,Cameron Reed,Nominee,The Girl That My Mother Is Leaving Me For,Clarkesworld,,,,,
2026,Sarah Pinsker,Nominee,The Millay Illusion,Asimov's,,,,,
2026,Catherynne M. Valente,Nominee,When He Calls Your Name,Reactor,,,,,
2025,Naomi Kritzer,Winner,The Four Sisters Overlooking the Sea,Asimov's,,,,,
2025,Thomas Ha,Nominee,The Brotherhood of Montague St. Video,Clarkesworld,,,,,
2025,Premee Mohamed,Nominee,"By Salt, By Sea, By Light of Stars",The Sunday Morning Transport,,,,,
2025,Ann Leckie,Nominee,Lake of Souls,Lake of Souls (Orbit),,,,,
2025,Eugenia Triantafyllou,Nominee,Loneliness Universe,Uncanny Magazine,,,,,
2025,Sarah Pinsker,Nominee,Signs of Life,Asimov's,,,,,
2024.0,Sarah Pinsker,,One Man's Treasure,Uncanny Magazine,,,,,
2024.0,Nghi Vo,,On the Fox Roads,Tor.com,,,,,
2024.0,Naomi Kritzer,Winner,The Year Without Sunshine,Uncanny Magazine,,,,,
2024.0,Gu Shi (Chinese)/Emily Jen (translator),,"Introduction to 2181 Overture, Second Edition",Clarkesworld Magazine,,,,,
2024.0,C. L. Polk,,"Ivy, Angelica, Bay",Tor.com,,,,,
2024.0,Ai Jiang,,I AM AI,Shortwave Publishing,,,,,
2023.0,Wole Talabi,,A Dream of Electric Mothers,Africa Risen: A New Era of Speculative Fiction (Tordotcom),,,,,
2023.0,S. L. Huang,,Murder By Pixel: Crime and Responsibility in the Digital Darkness,Clarkesworld Magazine,,,,,
2023.0,Marie Vibbert,,We Built This City,Clarkesworld Magazine,,,,,
2023.0,John Chu,,"If You Find Yourself Speaking to God, Address God with the Informal You",Uncanny Magazine,,,,,
2023.0,Hai Ya,Winner,The Space-Time Painter,Galaxy's Edge,,,,,
2023.0,Catherynne M. Valente,,The Difference Between Love and Time,Someone in Time: Tales of Time-Crossed Romance (Solaris Books),,,,,
2022.0,Suzanne Palmer,Winner,Bots of the Lost Ark,Clarkesworld Magazine,,,,,
2022.0,Oghenechovwe Donald Ekpeki,,O2 Arena,Galaxy's Edge,,,,,
2022.0,John Wiswell,,That Story Isn't the Story,Uncanny Magazine,,,,,
2022.0,Fran Wilde,,"Unseelie Brothers, Ltd.",Uncanny Magazine,,,,,
2022.0,Catherynne M. Valente,,L'Esprit de L'Escalier,Tor.com,,,,,
2022.0,Caroline M. Yoachim,,Colors of the Immortal Palette,Uncanny Magazine,,,,,
2021.0,Sarah Pinsker,Winner,Two Truths and a Lie,Tor.com,,,,,
2021.0,Naomi Kritzer,,Monster,Clarkesworld Magazine,,,,,
2021.0,Meg Elison,,The Pill,Big Girl (PM Press),,,,,
2021.0,Isabel Fall,,Helicopter Story,Clarkesworld Magazine,,,,,
2021.0,Aliette de Bodard,,The Inaccessibility of Heaven,Uncanny Magazine,,,,,
2021.0,A. T. Greenblatt,,"Burn, or the Episodic Life of Sam Wells as a Super",Uncanny Magazine,,,,,
2020.0,Ted Chiang,,Omphalos,Exhalation: Stories (Alfred A. Knopf),,,,,
2020.0,Siobhan Carroll,,For He Can Creep,Tor.com,,,,,
2020.0,Sarah Pinsker,,The Blur in the Corner of Your Eye,Uncanny Magazine,,,,,
2020.0,Sarah Gailey,,Away With the Wolves,Uncanny Magazine,,,,,
2020.0,N. K. Jemisin,Winner,Emergency Skin,Amazon.com,In the queue,,,,
2020.0,Caroline M. Yoachim,,The Archronology of Love,Lightspeed Magazine,,,,,
2019.0,Zen Cho,Winner,"If at First You Don't Succeed, Try, Try Again",B&N Sci-Fi and Fantasy Blog,,,,,
2019.0,Tina Connolly,,The Last Banquet of Temporal Confections,Tor.com,,,,,
2019.0,Simone Heller,,When We Were Starless,Clarkesworld Magazine,,,,,
2019.0,Naomi Kritzer,,The Thing About Ghost Stories,Uncanny Magazine,,,,,
2019.0,Daryl Gregory,,Nine Last Days on Planet Earth,Tor.com,,,,,
2019.0,Brooke Bolander,,The Only Harmless Great Thing,Tor.com Publishing,,,,,
2018.0,Yoon Ha Lee,,Extracurricular Activities,Tor.com,,,,,
2018.0,Vina Jie-Min Prasad,,A Series of Steaks,Clarkesworld Magazine,,,,,
2018.0,Suzanne Palmer,Winner,The Secret Life of Bots,Clarkesworld Magazine,,,,,
2018.0,Sarah Pinsker,,Wind Will Rove,Asimov's Science Fiction,,,,,
2018.0,K. M. Szpara,,Small Changes Over Long Periods of Time,Uncanny Magazine,,,,,
2018.0,Aliette de Bodard,,"Children of Thorns, Children of Water",Uncanny Magazine,,,,,
2017.0,Ursula Vernon,Winner,The Tomato Thief,Apex Magazine,,,,,
2017.0,Stix Hiscock,,Alien Stripper Boned from Behind by the T-Rex,Self-published,,,,,
2017.0,Nina Allan,,The Art of Space Travel,Tor.com,,,,,
2017.0,Fran Wilde,,The Jewel and Her Lapidary,Tor.com,,,,,
2017.0,Carolyn Ives Gilman,,Touring with the Alien,Clarkesworld Magazine,,,,,
2017.0,Alyssa Wong,,You'll Surely Drown Here If You Stay,Uncanny Magazine,,,,,
2016.0,Stephen King,,Obits,The Bazaar of Bad Dreams (Charles Scribner's Sons),,,,,
2016.0,Hao Jingfang,Winner,Folding Beijing,Uncanny Magazine,,,,,
2016.0,David VanDyke,,What Price Humanity?,There Will Be War Volume X (Castalia House),,,,,
2016.0,Cheah Kai Wai,,Flashpoint: Titan,There Will Be War Volume X (Castalia House),,,,,
2016.0,Brooke Bolander,,And You Shall Know Her by the Trail of Dead,Lightspeed,,,,,
2015.0,Thomas Olde Heuvelt (Dutch),Winner,The Day The World Turned Upside Down,Lightspeed,,,,,
2015.0,Rajnar Vajra,,The Triple Sun: A Golden Age Tale,Analog Science Fiction and Fact,,,,,
2015.0,Michael F. Flynn,,The Journeyman: In the Stone House,Analog Science Fiction and Fact,,,,,
2015.0,Gray Rinehart,,"Ashes to Ashes, Dust to Dust, Earth to Alluvium",Orson Scott Card's InterGalactic Medicine Show,,,,,
2015.0,Edward M. Lerner,,Championship B’tok,Analog Science Fiction and Fact,,,,,
2014.0,Vox Day,,Opera Vita Aeterna,The Last Witchking (Marcher Lord Hinterlands),,,,,
2014.0,Ted Chiang,,"The Truth of Fact, the Truth of Feeling",Subterranean Magazine,,,,,
2014.0,Mary Robinette Kowal,Winner,The Lady Astronaut of Mars,Tor.com,,,,,
2014.0,Brad R. Torgersen,,The Exchange Officers,Analog Science Fiction and Fact,,,,,
2014.0,Aliette de Bodard,,The Waiting Stars,The Other Half of the Sky (Candlemark & Gleam),,,,,
2013.0,Thomas Olde Heuvelt,,The Boy Who Cast No Shadow,Postscripts: Unfit For Eden (PS Publishing),,,,,
2013.0,Seanan McGuire,,In Sea-Salt Tears,Self-published,,,,,
2013.0,Seanan McGuire,,Rat-Catcher,A Fantasy Medley 2 (Subterranean Press),,,,,
2013.0,Pat Cadigan,Winner,The Girl-Thing Who Went Out for Sushi,Edge of Infinity (Solaris Books),,,,,
2013.0,Catherynne M. Valente,,Fade To White,Clarkesworld Magazine,,,,,
2012.0,Rachel Swirsky,,Fields of Gold,Eclipse #4 (Night Shade Books),,,,,
2012.0,Paul Cornell,,The Copenhagen Interpretation,Asimov's Science Fiction,,,,,
2012.0,Geoff Ryman,,What We Found,Fantasy & Science Fiction,,,,,
2012.0,Charlie Jane Anders,Winner,"Six Months, Three Days",Tor.com,,,,,
2012.0,Brad R. Torgersen,,Ray of Light,Analog Science Fiction and Fact,,,,,
2011.0,Sean McMullen,,Eight Miles,Analog Science Fiction and Fact,,,,,
2011.0,James Patrick Kelly,,Plus or Minus,Asimov's Science Fiction,,,,,
2011.0,Eric James Stone,,"The Leviathan, Whom Thou Hast Made",Analog Science Fiction and Fact,,,,,
2011.0,Allen Steele,Winner,The Emperor of Mars,Asimov's Science Fiction,,,,,
2011.0,Aliette de Bodard,,"The Jaguar House, in Shadow",Asimov's Science Fiction,,,,,
2010.0,Rachel Swirsky,,"Eros, Philia, Agape",Tor.com,,,,,
2010.0,Peter Watts,Winner,The Island,The New Space Opera #2 (Eos),,,,,
2010.0,Paul Cornell,,One of Our Bastards is Missing,The Solaris Book of New Science Fiction #3 (Solaris Books),,,,,
2010.0,Nicola Griffith,,It Takes Two,Eclipse #3 (Night Shade Books),,,,,
2010.0,Eugie Foster,,"Sinner, Baker, Fabulist, Priest; Red Mask, Black Mask, Gentleman, Beast",Interzone,,,,,
2010.0,Charles Stross,,Overtime,Tor.com,,,,,
2009.0,Paolo Bacigalupi,,The Gambler,Fast Forward 2 (Pyr),,,,,
2009.0,Mike Resnick,,Alastair Baffle's Emporium of Wonders,Asimov's Science Fiction,,,,,
2009.0,John Kessel,,Pride and Prometheus,Fantasy & Science Fiction,,,,,
2009.0,James Alan Gardner,,The Ray-Gun: A Love Story,Asimov's Science Fiction,,,,,
2009.0,Elizabeth Bear,Winner,Shoggoths in Bloom,Asimov's Science Fiction,,,,,
2008.0,Ted Chiang,Winner,The Merchant and the Alchemist's Gate,Fantasy & Science Fiction,,,,,
2008.0,Greg Egan,,Dark Integers,Asimov's Science Fiction,,,,,
2008.0,Greg Egan,,Glory,The New Space Opera (Eos),,,,,
2008.0,David Moles,,Finisterra,Fantasy & Science Fiction,,,,,
2008.0,Daniel Abraham,,The Cambist and Lord Iron: a Fairytale of Economics,Logorrhea (Bantam Books),,,,,
2007.0,Paolo Bacigalupi,,Yellow Card Man,Asimov's Science Fiction,,,,,
2007.0,Mike Resnick,,All the Things You Are,Jim Baen's Universe,,,,,
2007.0,Michael F. Flynn,,"Dawn, and Sunset, and the Colours of the Earth",Asimov's Science Fiction,,,,,
2007.0,Ian McDonald,Winner,The Djinn's Wife,Asimov's Science Fiction,,,,,
2007.0,Geoff Ryman,,Pol Pot's Beautiful Daughter,Fantasy & Science Fiction,,,,,
2006.0,Peter S. Beagle,Winner,Two Hearts,Fantasy & Science Fiction,,,,,
2006.0,Paolo Bacigalupi,,The Calorie Man,Fantasy & Science Fiction,,,,,
2006.0,Michael A. Burstein,,TelePresence,Analog Science Fiction and Fact,,,,,
2006.0,Howard Waldrop,,The King of Where-I-Go,Scifi.com,,,,,
2006.0,Cory Doctorow,,"I, Robot",The Infinite Matrix,,,,,
2005.0,Paolo Bacigalupi,,The People of Sand and Slag,Fantasy & Science Fiction,,,,,
2005.0,Michael F. Flynn,,The Clapping Hands of God,Analog Science Fiction and Fact,,,,,
2005.0,Kelly Link,Winner,The Faery Handbag,The Faery Reel (Viking Publishers),,,,,
2005.0,Christopher Rowe,,The Voluntary State,Scifi.com,,,,,
2005.0,Benjamin Rosenbaum,,"Biographical Notes to 'A Discourse on the Nature of Causality, with Airplanes', by Benjamin Rosenbaum",All-Star Zeppelin Adventure Stories (Wheatland Press),,,,,
2004.0,Robert Reed,,Hexagons,Asimov's Science Fiction,,,,,
2004.0,Michael Swanwick,Winner,Legions in Time,Asimov's Science Fiction,,,,,
2004.0,Jeffrey Ford,,The Empire of Ice Cream,Scifi.com,,,,,
2004.0,Jay Lake,,Into the Gardens of Sweet Night,Writers of the Future #19 (Galaxy Press),,,,,
2004.0,James Patrick Kelly,,Bernardo's House,Asimov's Science Fiction,,,,,
2004.0,Charles Stross,,Nightfall,Asimov's Science Fiction,,,,,
2003.0,Ursula K. Le Guin,,The Wild Girls,Asimov's Science Fiction,,,,,
2003.0,Michael Swanwick,Winner,Slow Life,Analog Science Fiction and Fact,,,,,
2003.0,Maureen F. McHugh,,Presence,Fantasy & Science Fiction,,,,,
2003.0,Gregory Frost,,Madonna of the Maquiladora,Asimov's Science Fiction,,,,,
2003.0,Charles Stross,,Halo,Asimov's Science Fiction,,,,,
2002.0,Ted Chiang,Winner,Hell Is the Absence of God,Starlight #3 (Tor Books),Read,,,,
2002.0,Shane Tourtellotte,,The Return of Spring,Analog Science Fiction and Fact,,,,,
2002.0,James Patrick Kelly,,Undone,Asimov's Science Fiction,,,,,
2002.0,Charles Stross,,Lobsters,Asimov's Science Fiction,,,,,
2002.0,Allen Steele,,The Days Between,Asimov's Science Fiction,,,,,
2001.0,Stephen Baxter,,On the Orion Line,Asimov's Science Fiction,,,,,
2001.0,Stanley Schmidt,,Generation Gap,Artemis,,,,,
2001.0,Mike Resnick,,Redchapel,Asimov's Science Fiction,,,,,
2001.0,Kristine Kathryn Rusch,Winner,Millennium Babies,Asimov's Science Fiction,,,,,
2001.0,Allen Steele,,Agape Among the Robots,Analog Science Fiction and Fact,,,,,
2000.0,Tom Purdom,,Fossil Games,Asimov's Science Fiction,,,,,
2000.0,Jan Jensen,,The Secret History of the Ornithopter,Fantasy & Science Fiction,,,,,
2000.0,James Patrick Kelly,Winner,1016 to 1,Asimov's Science Fiction,,,,,
2000.0,Ian R. MacLeod,,The Chop Girl,Asimov's Science Fiction,,,,,
2000.0,Greg Egan,,Border Guards,Interzone,,,,,
2000.0,Eleanor Arnason,,Stellar Harvest,Asimov's Science Fiction,,,,,
1999.0,Robert Charles Wilson,,Divided by Infinity,Starlight #2 (Tor Books),,,,,
1999.0,Nancy Kress,,Steamship Soldier on the Information Front,Future Histories (Horizon House),,,,,
1999.0,Kristine Kathryn Rusch,,Echea,Asimov's Science Fiction,,,,,
1999.0,Greg Egan,,The Planck Dive,Asimov's Science Fiction,,,,,
1999.0,Ellen Klages,,Time Gypsy,Bending the Landscape: Science Fiction (The Overlook Press),,,,,
1999.0,Bruce Sterling,Winner,Taklamakan,Asimov's Science Fiction,,,,,
1999.0,Allen Steele,,Zwarte Piet's Tale,Analog Science Fiction and Fact,,,,,
1998.0,William Sanders,,The Undiscovered,Asimov's Science Fiction,,,,,
1998.0,Stephen Baxter,,Moon Six,SF Age,,,,,
1998.0,Michael A. Burstein,,Broken Symmetry,Analog Science Fiction and Fact,,,,,
1998.0,James Alan Gardner,,Three Hearings on the Existence of Snakes in the Human Bloodstream,Asimov's Science Fiction,,,,,
1998.0,Bill Johnson,Winner,We Will Drink a Fish Together...,Asimov's Science Fiction,,,,,
1997.0,William Barton,,Age of Aquarius,Asimov's Science Fiction,,,,,
1997.0,Ursula K. Le Guin,,Mountain Ways,Asimov's Science Fiction,,,,,
1997.0,Suzy McKee Charnas,,Beauty and the Opéra or The Phantom Beast,Asimov's Science Fiction,,,,,
1997.0,Mike Resnick,,The Land of Nod,Asimov's Science Fiction,,,,,
1997.0,Bruce Sterling,Winner,Bicycle Repairman,Intersections (Tor Books),,,,,
1996.0,Mike Resnick,,When the Old Gods Die,Asimov's Science Fiction,,,,,
1996.0,James Patrick Kelly,Winner,Think Like a Dinosaur,Asimov's Science Fiction,,,,,
1996.0,Harry Turtledove,,Must and Shall,Asimov's Science Fiction,,,,,
1996.0,Greg Egan,,Luminous,Asimov's Science Fiction,,,,,
1996.0,Greg Egan,,TAP,Asimov's Science Fiction,,,,,
1996.0,Allen Steele,,The Good Rat,Analog Science Fiction and Fact,,,,,
1995.0,Ursula K. Le Guin,,Solitude,Fantasy & Science Fiction,,,,,
1995.0,Ursula K. Le Guin,,The Matter of Seggri,Crank,,,,,
1995.0,Mike Resnick,,A Little Knowledge,Asimov's Science Fiction,,,,,
1995.0,Greg Egan,,Cocoon,Asimov's Science Fiction,,,,,
1995.0,Geoffrey A. Landis,,The Singular Habits of Wasps,Analog Science Fiction and Fact,,,,,
1995.0,David Gerrold,Winner,The Martian Child,Fantasy & Science Fiction,In the queue,,,,
1994.0,Terry Bisson,,The Shadow Knows,Asimov's Science Fiction,,,,,
1994.0,Nancy Kress,,Dancing on Air,Asimov's Science Fiction,,,,,
1994.0,John Kessel,,The Franchise,Asimov's Science Fiction,,,,,
1994.0,Charles Sheffield,Winner,Georgia on My Mind,Analog Science Fiction and Fact,,,,,
1994.0,Bruce Sterling,,Deep Eddy,Asimov's Science Fiction,,,,,
1993.0,Susan Shwartz,,Suppose They Gave a Peace...,Alternate Presidents (Tor Books),,,,,
1993.0,Pat Cadigan,,True Faces,Fantasy & Science Fiction,,,,,
1993.0,Pamela Sargent,,Danny Goes to Mars,Asimov's Science Fiction,,,,,
1993.0,Janet Kagan,Winner,The Nutcracker Coup,Asimov's Science Fiction,,,,,
1993.0,Barry N. Malzberg,,In the Stone House,Alternate Kennedys (Tor Books),,,,,
1992.0,Ted Chiang,,Understand,Asimov's Science Fiction,Read,,,,
1992.0,Pat Cadigan,,Dispatches from the Revolution,Asimov's Science Fiction,,,,,
1992.0,Isaac Asimov,Winner,Gold,Analog Science Fact & Fiction,,,,,
1992.0,Howard Waldrop,,Fin de Cyclé,Night of the Cooters: More Neat Stories (Mark V. Ziesing),,,,,
1992.0,Connie Willis,,Miracle,Asimov's Science Fiction,,,,,
1991.0,Ted Chiang,,Tower of Babylon,Omni,In the queue,,,,
1991.0,Mike Resnick,Winner,The Manamouki,Asimov's Science Fiction,,,,,
1991.0,Martha Soukup,,Over the Long Haul,Amazing Stories,,,,,
1991.0,Dafydd ab Hugh,,"The Coon Rolled Down and Ruptured His Larinks, A Squeezed Novel by Mr. Skunk",Asimov's Science Fiction,,,,,
1991.0,Charles Sheffield,,A Braver Thing,Asimov's Science Fiction,,,,,
1990.0,Robert Silverberg,Winner,Enter a Soldier. Later: Enter Another,Asimov's Science Fiction,,,,,
1990.0,Orson Scott Card,,Dogwalker,Asimov's Science Fiction,,,,,
1990.0,Nancy Kress,,The Price of Oranges,Asimov's Science Fiction,,,,,
1990.0,Mike Resnick,,For I Have Touched the Sky,Fantasy & Science Fiction,,,,,
1990.0,George Alec Effinger,,Everything But Honor,Asimov's Science Fiction,,,,,
1990.0,Connie Willis,,At the Rialto,Omni,,,,,
1989.0,Steven Gould,,Peaches for Mad Molly,Analog Science Fact & Fiction,,,,,
1989.0,"Neal Barrett, Jr.",,Ginny Sweethips' Flying Circus,Asimov's Science Fiction,,,,,
1989.0,Howard Waldrop,,"Do Ya, Do Ya, Wanna Dance?",Asimov's Science Fiction,,,,,
1989.0,Harlan Ellison,,The Function of Dream Sleep,Midnight Graffiti,,,,,
1989.0,George Alec Effinger,Winner,Schrödinger's Kitten,Omni,,,,,
1988.0,Walter Jon Williams,,Dinosaurs,Asimov's Science Fiction,,,,,
1988.0,Ursula K. Le Guin,Winner,"Buffalo Gals, Won't You Come Out Tonight",Fantasy & Science Fiction,,,,,
1988.0,Pat Murphy,,Rachel in Love,Asimov's Science Fiction,,,,,
1988.0,Bruce Sterling,,Flowers of Edo,Asimov's Science Fiction,,,,,
1988.0,Bruce McAllister,,Dream Baby,Asimov's Science Fiction,,,,,
1987.0,William Gibson,,The Winter Market,Stardate,,,,,
1987.0,Vernor Vinge,,The Barbarian Princess,Analog Science Fact & Fiction,,,,,
1987.0,Roger Zelazny,Winner,Permafrost,Omni,,,,,
1987.0,Orson Scott Card,,Hatrack River,Asimov's Science Fiction,,,,,
1987.0,David Brin,,Thor Meets Captain America,The Magazine of Fantasy & Science Fiction,,,,,
1986.0,Orson Scott Card,,The Fringe,The Magazine of Fantasy & Science Fiction,,,,,
1986.0,Michael Swanwick/William Gibson,,Dogfight,Omni,,,,,
1986.0,Michael Bishop,,A Gift from the GrayLanders,Asimov's Science Fiction,,,,,
1986.0,Harlan Ellison,Winner,Paladin of the Lost Hour,Universe #15 (Bantam Spectra),,,,,
1986.0,George R. R. Martin,,Portraits of His Children,Asimov's Science Fiction,,,,,
1985.0,Timothy Zahn,,Return to the Fold,Analog Science Fact & Fiction,,,,,
1985.0,Octavia E. Butler,Winner,Bloodchild,Asimov's Science Fiction,,,,,
1985.0,Lucius Shepard,,The Man Who Painted the Dragon Griaule,The Magazine of Fantasy & Science Fiction,,,,,
1985.0,Kim Stanley Robinson,,The Lucky Strike,Universe #14 (Bantam Spectra),,,,,
1985.0,Hilbert Schenck,,Silicon Muse,Analog Science Fact & Fiction,,,,,
1985.0,Eric Vinicoff,,The Weigher,Analog Science Fact & Fiction,,,,,
1985.0,Connie Willis,,Blued Moon,Asimov's Science Fiction,,,,,
1984.0,Kim Stanley Robinson,,Black Air,The Magazine of Fantasy & Science Fiction,,,,,
1984.0,Ian Watson,,Slow Birds,The Magazine of Fantasy & Science Fiction,,,,,
1984.0,Greg Bear,Winner,Blood Music,Analog Science Fact & Fiction,,,,,
1984.0,George R. R. Martin,,The Monkey Treatment,The Magazine of Fantasy & Science Fiction,,,,,
1984.0,Connie Willis,,The Sidon in the Mirror,Asimov's Science Fiction,,,,,
1983.0,Timothy Zahn,,Pawn's Gambit,Analog Science Fact & Fiction,,,,,
1983.0,S. P. Somtow,,Aquila,Asimov's Science Fiction,,,,,
1983.0,Phyllis Eisenstein,,Nightlife,The Magazine of Fantasy & Science Fiction,,,,,
1983.0,Connie Willis,Winner,Fire Watch,Asimov's Science Fiction,,,,,
1983.0,Bruce Sterling,,Swarm,The Magazine of Fantasy & Science Fiction,,,,,
1982.0,Roger Zelazny,Winner,Unicorn Variation,Asimov's Science Fiction,,,,,
1982.0,Parke Godwin,,The Fire When It Comes,The Magazine of Fantasy & Science Fiction,,,,,
1982.0,Michael Bishop,,The Quickening,Universe #11 (Bantam Spectra),,,,,
1982.0,George R. R. Martin,,Guardians,Analog Science Fact & Fiction,,,,,
1982.0,Edward Bryant,,The Thermals of August,The Magazine of Fantasy & Science Fiction,,,,,
1981.0,Michael Shea,,The Autopsy,The Magazine of Fantasy & Science Fiction,,,,,
1981.0,Keith Roberts,,The Lordly Ones,The Magazine of Fantasy & Science Fiction,,,,,
1981.0,John Varley,,Beatnik Bayou,New Voices #3: The Campbell Award Nominees (Berkley Books),,,,,
1981.0,Howard Waldrop,,The Ugly Chickens,Universe #10 (Bantam Spectra),,,,,
1981.0,Gordon R. Dickson,Winner,The Cloak and the Staff,Analog Science Fact & Fiction,,,,,
1981.0,Barry B. Longyear,,Savage Planet,Analog Science Fact & Fiction,,,,,
1980.0,Vonda N. McIntyre,,Fireflood,The Magazine of Fantasy & Science Fiction,,,,,
1980.0,Larry Niven,,The Locusts,Analog Science Fact & Fiction,,,,,
1980.0,John Varley,,Options,Universe #9 (Bantam Spectra),,,,,
1980.0,George R. R. Martin,Winner,Sandkings,Omni,,,,,
1980.0,Christopher Priest,,Palely Loitering,The Magazine of Fantasy & Science Fiction,,,,,
1980.0,Barry B. Longyear,,Homecoming,Asimov's Science Fiction,,,,,
1979.0,Thomas Disch,,The Man Who Had No Idea,The Magazine of Fantasy & Science Fiction,,,,,
1979.0,Poul Anderson,Winner,Hunter's Moon,Analog Science Fact & Fiction,,,,,
1979.0,Orson Scott Card,,Mikal's Songbird,Analog Science Fact & Fiction,,,,,
1979.0,John Varley,,The Barbie Murders,Asimov's Science Fiction,,,,,
1979.0,Dean Ing,,Devil You Don't Know,Analog Science Fact & Fiction,,,,,
1978.0,Samuel R. Delany,,Prismatica,The Magazine of Fantasy & Science Fiction,,,,,
1978.0,Orson Scott Card,,Ender's Game,Analog Science Fact & Fiction,Read,Read,,,
1978.0,Joan D. Vinge,Winner,Eyes of Amber,Analog Science Fact & Fiction,,,,,
1978.0,"James Tiptree, Jr.",,The Screwfly Solution,Analog Science Fact & Fiction,,,,,
1978.0,Carter Scholz,,The Ninth Symphony of Ludwig van Beethoven and Other Lost Songs,Universe #7 (Bantam Spectra),,,,,
1977.0,Ursula K. Le Guin,,The Diary of the Rose,Future Power (Random House),,,,,
1977.0,John Varley,,"Gotta Sing, Gotta Dance",Galaxy Science Fiction,,,,,
1977.0,John Varley,,The Phantom of Kansas,Galaxy Science Fiction,,,,,
1977.0,Isaac Asimov,Winner,The Bicentennial Man,Stellar #2 (Ballantine Books),,,,,
1976.0,Ursula K. Le Guin,,The New Atlantis,The New Atlantis (Warner Books),,,,,
1976.0,Tom Reamy,,San Diego Lightfoot Sue,The Magazine of Fantasy & Science Fiction,,,,,
1976.0,Larry Niven,Winner,The Borderland of Sol,Analog Science Fact & Fiction,,,,,
1976.0,Jerry Pournelle,,Tinker,Galaxy Science Fiction,,,,,
1976.0,George R. R. Martin,,And Seven Times Never Kill Man,Analog Science Fact & Fiction,,,,,
1975.0,William Walling,,Nix Olympica,Analog Science Fact & Fiction,,,,,
1975.0,Richard A. Lupoff,,After the Dreamtime,New Dimensions #4 (Doubleday),,,,,
1975.0,Kate Wilhelm,,"A Brother to Dragons, a Companion of Owls",Orbit #14 (G. P. Putnam's Sons),,,,,
1975.0,Jerry Pournelle,,Extreme Prejudice,Analog Science Fact & Fiction,,,,,
1975.0,Isaac Asimov,,—That Thou art Mindful of Him,The Magazine of Fantasy & Science Fiction,,,,,
1975.0,Harlan Ellison,Winner,"Adrift Just Off the Islets of Langerhans: Latitude 38° 54' N, Longitude 77° 00' 13 W""",The Magazine of Fantasy & Science Fiction,,,,,
1975.0,Fritz Leiber,,Midnight by the Morphy Watch,If,,,,,
1974.0,Vonda N. McIntyre,,"Of Mist, and Grass, and Sand",Analog Science Fact & Fiction,,,,,
1974.0,Jerry Pournelle,,He Fell into a Dark Hole,Analog Science Fact & Fiction,,,,,
1974.0,"James Tiptree, Jr.",,Love Is the Plan the Plan Is Death,The Alien Condition (Ballantine Books),,,,,
1974.0,Harlan Ellison,Winner,The Deathbird,The Magazine of Fantasy & Science Fiction,,,,,
1974.0,George Alec Effinger,,The City on the Sand,The Magazine of Fantasy & Science Fiction,,,,,
1973.0,William Rotsler,,Patron of the Arts,Universe #2 (Bantam Spectra),,,,,
1973.0,Poul Anderson,Winner,Goat Song,The Magazine of Fantasy & Science Fiction,,,,,
1973.0,"James Tiptree, Jr.",,Painwise,The Magazine of Fantasy & Science Fiction,,,,,
1973.0,Harlan Ellison,,Basilisk,The Magazine of Fantasy & Science Fiction,,,,,
1973.0,Gardner Dozois,,A Kingdom by the Sea,Orbit #10 (G. P. Putnam's Sons),,,,,
1969.0,Richard Wilson,,Mother to the World,Orbit #3 (G. P. Putnam's Sons),,,,,
1969.0,Poul Anderson,Winner,The Sharing of Flesh,Galaxy Science Fiction,,,,,
1969.0,Piers Anthony,,Getting Through University,If,,,,,
1969.0,Brian Aldiss,,Total Environment,Galaxy Science Fiction,,,,,
1968.0,Philip K. Dick,,Faith of Our Fathers,Dangerous Visions (Doubleday),,,,,
1968.0,Harlan Ellison,,Pretty Maggie Moneyeyes,Knight,,,,,
1968.0,Fritz Leiber,Winner,Gonna Roll the Bones,Dangerous Visions (Doubleday),,,,,
1968.0,Andre Norton,,Wizard's World,If,,,,,
1967.0,Thomas Burnett Swann,,The Manor of Roses,The Magazine of Fantasy & Science Fiction,,,,,
1967.0,Roger Zelazny,,For a Breath I Tarry,Fantastic,,,,,
1967.0,Roger Zelazny,,This Moment of the Storm,The Magazine of Fantasy & Science Fiction,,,,,
1967.0,"Robert M., Green, Jr.",,Apology to Inky,The Magazine of Fantasy & Science Fiction,,,,,
1967.0,Jack Vance,Winner,The Last Castle,Galaxy Science Fiction,,,,,
1967.0,Hayden Howard,,The Eskimo Invasion,Galaxy Science Fiction,,,,,
1967.0,Gordon R. Dickson,,Call Him Lord,Analog Science Fact & Fiction,,,,,
1967.0,Charles L. Harness,,The Alchemist,Analog Science Fact & Fiction,Read,,,,
1967.0,Charles L. Harness,,An Ornament to His Profession,Analog Science Fact & Fiction,,,,,
1959.0,Zenna Henderson,,Captivity,The Magazine of Fantasy & Science Fiction,,,,,
1959.0,Rog Phillips,,Rat in the Skull,If,,,,,
1959.0,Pauline Ashwell,,Unwillingly to School,Astounding Science-Fiction,,,,,
1959.0,Katherine MacLean,,Second Game,Astounding Science-Fiction,,,,,
1959.0,Jack Vance,,The Miracle-Workers,Astounding Science-Fiction,,,,,
1959.0,Fritz Leiber,,A Deskful of Girls,The Magazine of Fantasy & Science Fiction,,,,,
1959.0,Clifford D. Simak,Winner,The Big Front Yard,Astounding Science-Fiction,,,,,
1959.0,C.M. Kornbluth,,"Reap the Dark Tide (aka: ""Shark Ship"")",Vanguard,,,,,
1956.0,Theodore Sturgeon,,Who?,Galaxy Science Fiction,,,,,
1956.0,Murray Leinster,Winner,Exploration Team,Astounding Science-Fiction,,,,,
1956.0,L. Sprague de Camp,,A Gun for Dinosaur,Galaxy Science Fiction,,,,,
1956.0,Henry Kuttner/C. L. Moore,,Home There's No Returning,No Boundaries (Ballantine Books),,,,,
1956.0,F. L. Wallace,,The Assistant Self,Fantastic Universe,,,,,
1956.0,Eric Frank Russell,,Legwork,Astounding Science-Fiction,,,,,
1956.0,Algis Budrys,,The End of Summer,Astounding Science-Fiction,,,,,
1956.0,Alan Nourse,,Brightside Crossing,Galaxy Science Fiction,,,,,
1955.0,"Walter M. Miller, Jr.",Winner,The Darfsteller,Astounding Science-Fiction,,,,,
1954.0,Theodore Cogswell,,The Wall Around the World,Beyond Fantasy Fiction,,,,,
1954.0,Poul Anderson,,The Adventure of the Misplaced Hound,Universe,,,,,
1954.0,Poul Anderson,,Sam Hall,Astounding Science-Fiction,,,,,
1954.0,Philip K. Dick,,Second Variety,Space Science Fiction,,,,,
1954.0,James Blish,Winner,"Earthman, Come Home",Astounding Science-Fiction,,,,,
1951.0,Poul Anderson,,The Helping Hand,Astounding Science-Fiction,,,,,
1951.0,James Blish,,Okie,Astounding Science-Fiction,,,,,
1951.0,Eric Frank Russell,,Dear Devil,Other Worlds,,,,,
1951.0,Cyril M. Kornbluth,Winner,The Little Black Bag,Astounding Science-Fiction,,,,,
1951.0,Cordwainer Smith,,Scanners Live in Vain,Fantasy Book,,,,,
1946.0,Murray Leinster,Winner,First Contact,Astounding Science-Fiction,,,,,
1946.0,Lewis Padgett,,The Piper's Son,Astounding Science-Fiction,,,,,
1946.0,Lester del Rey,,Into Thy Hands,Astounding Science-Fiction,,,,,
1946.0,Fredric Brown,,Pi in the Sky,Thrilling Wonder Stories,,,,,
1946.0,A. E. van Vogt,,The Mixed Men,Astounding Science-Fiction,,,,,
1945.0,Isaac Asimov,,"The Big and the Little (""The Merchant Princes"")",Astounding Science-Fiction,,,,,
1945.0,Fredric Brown,,Arena,Astounding Science-Fiction,,,,,
1945.0,Clifford D. Simak,Winner,City,Astounding Science-Fiction,,,,,
1945.0,C. L. Moore/Henry Kuttner (as Lewis Padgett),,When the Bough Breaks,Astounding Science-Fiction,,,,,
1945.0,C. L. Moore/Henry Kuttner (as Lawrence O'Donnell),,The Children's Hour,Astounding Science-Fiction,,,,,
1945.0,C. L. Moore,,No Woman Born,Astounding Science-Fiction,,,,,
1944.0,Leigh Brackett,,Citadel of Lost Ships,Planet Stories,,,,,
1944.0,Leigh Brackett,,The Halfling,Astonishing Stories,,,,,
1944.0,Henry Kuttner (as Lewis Padgett),,The Proud Robot,Astounding Science-Fiction,,,,,
1944.0,Henry Kuttner,,Winner (as Lewis Padgett),,,,,,
1944.0,Fritz Leiber,,Thieves' House,Unknown Worlds,,,,,
1944.0,Eric Frank Russell,,Symbiotica,Astounding Science-Fiction,,,,,
1944.0,C. L. Moore,Winner (as Lewis Padgett),Mimsy Were the Borogoves,Astounding Science-Fiction,,,,,
1943.0,Robert A. Heinlein (as Anson MacDonald),,Goldfish Bowl,Astounding Science Fiction,,,,,
1943.0,Isaac Asimov,Winner,"Foundation (aka ""The Encyclopedists"")",Astounding Science Fiction,,,,,
1943.0,Isaac Asimov,,"Bridle and Saddle (aka ""The Mayors"")",Astounding Science Fiction,,,,,
1943.0,Fredric Brown,,The Star Mouse,Planet Stories,,,,,
1943.0,C. L. Moore,,There Shall Be Darkness,Astounding Science Fiction,,,,,
1943.0,A. E. van Vogt,,The Weapon Shop,Astounding Science Fiction,,,,,
1941.0,Theodore Sturgeon,,It!,Unknown,,,,,
1941.0,Robert A. Heinlein,Winner,The Roads Must Roll,Astounding Science Fiction,,,,,
1941.0,Robert A. Heinlein,,Blowups Happen,Astounding Science Fiction,,,,,
1941.0,Jack Williamson,,Darker Than You Think,Unknown,,,,,
1941.0,Harry Bates,,Farewell to the Master,Astounding Science Fiction,,,,,
1939.0,Robert E. Howard,,Pigeons from Hell,Weird Tales,,,,,
1939.0,John W. Campbell,,Dead Knowledge,Astounding Stories,,,,,
1939.0,Henry Kuttner,,Hollywood on the Moon,Thrilling Wonder Stories,,,,,
1939.0,Clifford D. Simak,Winner,Rule 18,Astounding Science-Fiction,,,,,
1939.0,C. L. Moore,,Werewoman,Leaves,,,,,
