Year,Author(s),Novel,Publisher,Nika,Tom,Hugo,Nebula,WFA,Mythopoeic,Kitschies
2024.0,Emily Tesh,Some Desperate Glory,Tordotcom/Orbit Books,,,Winner
2024.0,Vajra Chandrasekera,The Saint of Bright Doors,Tordotcom,,,Nominee,Winner
2024.0,Martha Wells,Witch King,Tordotcom,In progress,Started but struggling,Nominee,Nominee,Nominee
2024.0,Ann Leckie,Translation State,Orbit Books,,,Nominee,Nominee
2024.0,Shannon Chakraborty,The Adventures of Amina al-Sirafi,Harper Voyager,,,Nominee
2024.0,John Scalzi,Starter Villain,Tor Books,,,Nominee
2024.0,Wole Talabi,Shigidi and the Brass Head of Obalufon,DAW; Gollancz,,,,Nominee,Nominee
2024.0,S. L. Huang,The Water Outlaws,Tordotcom; Solaris UK,,,,Nominee
2024.0,Annalee Newitz,The Terraformers,Tordotcom; Orbit UK,,,,Nominee
2023.0,Ursula Vernon (as T. Kingfisher),Nettle & Bone,Tor Books,Read (didn't enjoy),,Winner,Nominee
2023.0,Travis Baldree,Legends & Lattes,Tor Books,In the queue,In the queue,Nominee,Nominee
2023.0,Tamsyn Muir,Nona the Ninth,Tordotcom,,,Nominee,Nominee
2023.0,John Scalzi,The Kaiju Preservation Society,Tor Books,,,Nominee
2023.0,Silvia Moreno-Garcia,The Daughter of Doctor Moreau,Del Rey Books,,,Nominee
2023.0,Mary Robinette Kowal,The Spare Man,Tor Books,,,Nominee
2023.0,R. F. Kuang,Babel: Or the Necessity of Violence: An Arcane History of the Oxford Translators' Revolution,Harper Voyager,,,,Winner
2023.0,Nicola Griffith,Spear,Tordotcom,,,,Nominee,Nominee
2023.0,Ray Nayler,The Mountain in the Sea,"MCD, Weidenfeld & Nicolson",,,,Nominee
2023.0,Sacha Lamb,When the Angels Left the Old Country,Levine Querido,,,,,,Winner
2023.0,Kelly Barnhill,When Women Were Dragons,Doubleday,,,,,,Nominee
2023.0,Alex Jennings,The Ballad of Perilous Graves,Redhook,,,,,,Nominee
2023.0,GennaRose Nethercott,Thistlefoot,Anchor Books,,,,,,Nominee
2023.0,Peng Shepherd,The Cartographers,William Morrow,,,,,,Nominee
2022.0,Arkady Martine,A Desolation Called Peace,Tor Books,,,Winner,Nominee
2022.0,P. Djèlí Clark,A Master of Djinn,Tordotcom/Orbit UK,,,Nominee,Winner,Nominee,Nominee
2022.0,Becky Chambers,"The Galaxy, and the Ground Within",Harper Voyager/Hodder & Stoughton,,,Nominee,,,,Winner
2022.0,Ryka Aoki,Light From Uncommon Stars,Tor Books/St Martin's Press,,,Nominee,,,Nominee
2022.0,Andy Weir,Project Hail Mary,Ballantine Books/Del Rey Books,In the queue,Read,Nominee
2022.0,Shelley Parker-Chan,She Who Became the Sun,Tor Books/Mantle Books,,,Nominee
2022.0,C. L. Clark,The Unbroken,Orbit Books,,,,Nominee
2022.0,S. B. Divya,Machinehood,Saga Press,,,,Nominee
2022.0,Jason Sanford,Plague Birds,Apex,,,,Nominee
2022.0,Hilary Leichter,Temporary,,,,,,,,Winner
2022.0,Zen Cho,Black Water Sister,,,,,,,,Nominee
2022.0,"Un-su Kim, trans. by Sean Lin Halbert",The Cabinet,,,,,,,,Nominee
2022.0,Adrian Tchaikovsky,Bear Head,,,,,,,,Nominee
2022.0,Catriona Ward,The Last House on Needless Street,,,,,,,,Nominee
2022.0,Caroline Hardaker,Composite Creatures,,,,,,,,Nominee
2022.0,Calvin Kasulke,Several People Are Typing,,,,,,,,Nominee
2022.0,Everina Maxwell,Winter's Orbit,,,,,,,,Nominee
2022.0,Xiran Jay Zhao,Iron Widow,,,,,,,,Nominee
2022.0,Jo Walton,Or What You Will,Tor,,,,,,Winner
2022.0,Katherine Addison,The Witness for the Dead,Tor,,,,,,Nominee
2022.0,Garth Nix,Terciel and Elinor,Katherine Tegen Books,,,,,,Nominee
2021.0,Martha Wells,Network Effect,Tor.com Publishing,In the queue,Read,Winner,Winner
2021.0,Susanna Clarke,Piranesi,Bloomsbury Publishing,Read,Read,Nominee,Nominee,Nominee,Nominee,Winner
2021.0,N. K. Jemisin,The City We Became,Orbit Books,,,Nominee,Nominee,,,Nominee
2021.0,Rebecca Roanhorse,Black Sun,Saga Press,,,Nominee,Nominee
2021.0,Tamsyn Muir,Harrow the Ninth,Tor.com Publishing,,,Nominee
2021.0,Mary Robinette Kowal,The Relentless Moon,Tor Books,,,Nominee
2021.0,Silvia Moreno-Garcia,Mexican Gothic,Del Rey Books,,,,Nominee,Nominee,Nominee
2021.0,C. L. Polk,The Midnight Bargain,Erewhon Books,,,,Nominee,Nominee
2021.0,TJ Klune,The House in the Cerulean Sea,Tor,In the queue,,,,,Winner
2021.0,Alice Hoffman,Magic Lessons,Simon Schuster,,,,,,Nominee
2021.0,Garth Nix,The Left-Handed Booksellers of London,Katherine Tegen Books,,,,,,Nominee
2020.0,Arkady Martine,A Memory Called Empire,Tor Books,,In the queue,Winner,Nominee
2020.0,Alix E. Harrow,The Ten Thousand Doors of January,Redhook,In the queue,,Nominee,Nominee,Nominee,Nominee,Nominee
2020.0,Tamsyn Muir,Gideon the Ninth,Tor.com Publishing,In the queue,Started but struggling,Nominee,Nominee,Nominee
2020.0,Charlie Jane Anders,The City in the Middle of the Night,Tor Books,,,Nominee
2020.0,Kameron Hurley,The Light Brigade,Saga Press,,,Nominee
2020.0,Seanan McGuire,Middlegame,Tor.com Publishing,,,Nominee
2020.0,Sarah Pinsker,A Song for a New Day,Berkley Press,,,,Winner
2020.0,Charles E. Gannon,Marque of Caine,Baen Books,,,,Nominee
2020.0,Silvia Moreno-Garcia,Gods of Jade and Shadow,"Del Rey Books, Jo Fletcher Books",,,,Nominee
2020.0,Micaiah Johnson,The Space Between Worlds,,,,,,,,Winner
2020.0,Curdella Forbes,A Tall History of Sugar,,,,,,,,Nominee
2020.0,Natasha Pulley,The Lost Future of Pepperharrow,,,,,,,,Nominee
2020.0,Kim Stanley Robinson,The Ministry for the Future,,,,,,,,Nominee
2020.0,Kawai Strong Washburn,Sharks in the Time of Saviours,,,,,,,,Nominee
2020.0,Laura Jean McKay,The Animals in That Country,,,,,,,,Nominee
2020.0,Deepa Anappara,Djinn Patrol on the Purple Line,,,,,,,,Nominee
2020.0,Jordan Ifueko,Raybearer,,,,,,,Nominee,Nominee
2020.0,Theodora Goss,Snow White Learns Witchcraft,Mythic Delirium Books,,,,,,Winner
2020.0,P. Djèlí Clark,The Haunting of Tram Car 015,Tor.com,,,,,,Nominee
2020.0,Jo Walton,Lent,Tor Books,,,,,,Nominee
2020.0,G. Willow Wilson,The Bird King,Grove Press,,,,,,Nominee
2019.0,Mary Robinette Kowal,The Calculating Stars,Tor Books,,,Winner,Winner
2019.0,Rebecca Roanhorse,Trail of Lightning,Saga Press,,,Nominee,Nominee,Nominee
2019.0,Naomi Novik,Spinning Silver,Del Rey Books,Read (didn't enjoy),,Nominee,Nominee,,Winner
2019.0,Becky Chambers,Record of a Spaceborn Few,Hodder & Stoughton,,,Nominee,,,,Nominee
2019.0,Yoon Ha Lee,Revenant Gun,Solaris Books,,,Nominee
2019.0,Catherynne M. Valente,Space Opera,Saga Press,,,Nominee
2019.0,C. L. Polk,Witchmark,Tor.com Publishing,,,,Nominee,Winner
2019.0,R. F. Kuang,The Poppy War,Harper Voyager,,,,Nominee,Nominee,,Nominee
2019.0,Sam J. Miller,Blackfish City,"Ecco Press, Orbit UK",,,,Nominee
2019.0,Jan Carson,The Fire Starters,,,,,,,,Winner
2019.0,Clare Rees,Jelly,,,,,,,,Winner
2019.0,Amal El-Mohtar and Max Gladstone,This Is How You Lose the Time War,,Read,,,,,,Nominee
2019.0,Vicki Jarrett,Always North,,,,,,,,Nominee
2019.0,Yōko Ogawa,The Memory Police,,,,,,,,Nominee
2019.0,Jane Rawson,From the Wreck,,,,,,,,Nominee
2019.0,Katie Hale,My Name Is Monster,,,,,,,,Nominee
2019.0,Wayétu Moore,She Would Be King,,,,,,,,Nominee
2019.0,Rory Power,Wilder Girls,,,,,,,,Nominee
2019.0,Mishell Baker,Borderline; Phantom Pains; Impostor Syndrome,Saga,,,,,,Nominee
2019.0,Sarah Rees Brennan,In Other Lands,Big Mouth House,,,,,,Nominee
2019.0,Ruthanna Emrys,The Litany of Earth; Winter Tide; Deep Roots,Tor.com,,,,,,Nominee
2018.0,N. K. Jemisin,The Stone Sky,Orbit Books,Read,In the queue,Winner,Winner
2018.0,Mur Lafferty,Six Wakes,Orbit Books,,,Nominee,Nominee
2018.0,John Scalzi,The Collapsing Empire,Tor Books,,,Nominee
2018.0,Kim Stanley Robinson,New York 2140,Orbit Books,,,Nominee
2018.0,Ann Leckie,Provenance,Orbit Books,,,Nominee
2018.0,Yoon Ha Lee,Raven Stratagem,Solaris Books,,,Nominee
2018.0,Fonda Lee,Jade City,Orbit Books,,,,Nominee,Winner
2018.0,Theodora Goss,The Strange Case of the Alchemist's Daughter,Saga Press,,,,Nominee,Nominee
2018.0,Daryl Gregory,Spoonbenders,"Alfred A. Knopf, Riverrun Books",,,,Nominee,Nominee
2018.0,Lara Elena Donnelly,Amberlough,Tor Books,,,,Nominee
2018.0,Annalee Newitz,Autonomous,"Tor Books, Orbit Books",,,,Nominee
2018.0,Madeline Miller,Circe,,Read,,,,,Nominee,Winner
2018.0,Ahmed Saadawi,Frankenstein in Baghdad,,,,,,,,Winner
2018.0,Simon Ings,The Smoke,,,,,,,,Nominee
2018.0,Tade Thompson,Rosewater,,,,,,,,Nominee
2018.0,Lavie Tidhar,Unholy Land,,,,,,,,Nominee
2018.0,Tomi Adeyemi,Children Of Blood and Bone,,,,,,,,Nominee
2018.0,Sue Burke,Semiosis,,,,,,,,Nominee
2018.0,Rebecca Ley,"Sweet Fruit, Sour Land",,,,,,,,Nominee
2018.0,John Crowley,Ka: Dar Oakley in the Ruin of Ymr,Saga Press,,,,,,Winner
2018.0,Alice Hoffman,The Rules of Magic,Simon & Schuster,,,,,,Nominee
2018.0,G. A. Kathryns,Snow City,Sycamore Sky Books,,,,,,Nominee
2018.0,Ellen Klages,Passing Strange,Tor.com,,,,,,Nominee
2018.0,Victor LaValle,The Changeling,Spiegel & Grau,,,,,,Nominee
2017.0,N. K. Jemisin,The Obelisk Gate,Orbit Books,Read,In progress,Winner,Nominee,Nominee
2017.0,Charlie Jane Anders,All the Birds in the Sky,Tor Books,,,Nominee,Winner
2017.0,Yoon Ha Lee,Ninefox Gambit,Solaris Books,,,Nominee,Nominee
2017.0,Becky Chambers,A Closed and Common Orbit,Hodder & Stoughton,,,Nominee
2017.0,Cixin Liu (Chinese)[g],Death's End,Chongqing Press (original),,,Nominee
2017.0,Ada Palmer,Too Like the Lightning,Tor Books,,,Nominee
2017.0,Mishell Baker,Borderline,Saga Press,,,,Nominee,Nominee
2017.0,Nisi Shawl,Everfair,Tor Books,,,,Nominee
2017.0,Nina Allan,The Rift,,,,,,,,Winner
2017.0,Alex Wells,Hunger Makes the Wolf,,,,,,,,Winner
2017.0,"Deon Meyer, translated by L. Seegers",Fever,,,,,,,,Nominee
2017.0,Jess Richards,City of Circles,,,,,,,,Nominee
2017.0,William Sutcliffe,We See Everything,,,,,,,,Nominee
2017.0,Michelle Tea,Black Wave,,,,,,,,Nominee
2017.0,RJ Barker,Age of Assassins,,,,,,,,Nominee
2017.0,Carmen Marcus,How Saints Die,,,,,,,,Nominee
2017.0,JY Yang,The Black Tides of Heaven,,,,,,,,Nominee
2017.0,Liz Ziemska,Mandelbrot the Magnificent,,,,,,,,Nominee
2017.0,Patricia A. McKillip,Kingfisher,Ace Books,,,,,,Winner
2017.0,Andrea Hairston,Will Do Magic For Small Change,Aqueduct Press,,,,,,Nominee
2017.0,Mary Robinette Kowal,Ghost Talkers,Tor Books,,,,,,Nominee
2017.0,Maggie Stiefvater,The Raven Cycle,Scholastic,,,,,,Nominee
2017.0,Jo Walton,Thessaly trilogy,Tor Books,,,,,,Nominee
2016.0,N. K. Jemisin,The Fifth Season,Orbit Books,Read,Read,Winner,Nominee,Nominee,,Nominee
2016.0,Naomi Novik,Uprooted,Del Rey Books,Read,,Nominee,Winner,Nominee,Winner
2016.0,Ann Leckie,Ancillary Mercy,Orbit Books,In the queue,Started but struggling,Nominee,Nominee,,,Winner
2016.0,Neal Stephenson,Seveneves,William Morrow and Company,,,Nominee
2016.0,Jim Butcher,The Cinder Spires: The Aeronaut's Windlass,Roc Books,,In the queue,Nominee
2016.0,Lawrence M. Schoen,Barsk: The Elephants' Graveyard,Tor Books,,,,Nominee
2016.0,Ken Liu,The Grace of Kings,Saga Press,,,,Nominee
2016.0,Charles E. Gannon,Raising Caine,Baen Books,,,,Nominee
2016.0,Fran Wilde,Updraft,Tor Books,,,,Nominee
2016.0,Holly Black,The Darkest Part of the Forest,Little Brown & Co,,,,,,Nominee
2016.0,Kazuo Ishiguro,The Buried Giant,Knopf,,,,,,Nominee
2016.0,E. K. Johnston,A Thousand Nights,Disney-Hyperion,,,,,,Nominee
2016.0,Daniel José Older,Shadowshaper,Arthur A. Levine Books,,,,,,Nominee
2015.0,Cixin Liu (Chinese)/Ken Liu (translator),The Three-Body Problem,Chongqing Press (original),Started but struggling,In the queue,Winner,Nominee
2015.0,Katherine Addison,The Goblin Emperor,Tor Books,In the queue,,Nominee,Nominee,Nominee
2015.0,Ann Leckie,Ancillary Sword,Orbit Books,In progress,Read,Nominee,Nominee
2015.0,Kevin J. Anderson,The Dark Between the Stars,Tor Books,,,Nominee
2015.0,Jim Butcher,Skin Game,Roc Books,,Read,Nominee
2015.0,Jeff VanderMeer,Annihilation,"Farrar, Straus and Giroux",,Read,,Winner
2015.0,Charles E. Gannon,Trial by Fire,Baen Books,,,,Nominee
2015.0,Jack McDevitt,Coming Home,Ace Books,,,,Nominee
2015.0,Margaret Atwood,The Heart Goes Last,,,,,,,,Winner
2015.0,Tade Thompson,Making Wolf,,,,,,,,Winner
2015.0,Dave Hutchinson,Europe at Midnight,,,,,,,,Nominee
2015.0,Adam Roberts,The Thing Itself,,,,,,,,Nominee
2015.0,Hugo Wilcken,The Reflection,,,,,,,,Nominee
2015.0,A. Igoni Barrett,Blackass,,,,,,,,Nominee
2015.0,Kirsty Logan,The Gracekeepers,,,,,,,,Nominee
2015.0,Paul Meloy,The Night Clock,,,,,,,,Nominee
2015.0,Sara Taylor,The Shore,,,,,,,,Nominee
2015.0,Sarah Avery,Tales from Rugosa Coven,Dark Quest,,,,,,Winner
2015.0,Stephanie Feldman,The Angel of Losses,Ecco,,,,,,Nominee
2015.0,Theodora Goss,Songs for Ophelia,Papaveria Press,,,,,,Nominee
2015.0,Joanne M. Harris,The Gospel of Loki,Gollancz,,,,,,Nominee
2015.0,Joe Hill and Gabriel Rodriguez,Locke & Key,IDW Publishing,,,,,,Nominee
2014.0,Ann Leckie,Ancillary Justice,Orbit Books,Read,Read,Winner,Winner
2014.0,Charles Stross,Neptune's Brood,Ace Books,,,Nominee
2014.0,Mira Grant,Parasite,Orbit Books,,,Nominee
2014.0,Larry Correia,Warbound,Baen Books,,,Nominee
2014.0,Robert Jordan/Brandon Sanderson,The Wheel of Time,Tor Books,,Read,Nominee
2014.0,Sofia Samatar,A Stranger in Olondria,Small Beer Press,,,,Nominee,Winner
2014.0,Neil Gaiman,The Ocean at the End of the Lane,William Morrow and Company,In the queue,,,Nominee,Nominee,Nominee
2014.0,Helene Wecker,The Golem and the Jinni,Harper,,,,Nominee,Nominee,Winner
2014.0,Karen Joy Fowler,We Are All Completely Beside Ourselves,Marian Wood Books,,,,Nominee
2014.0,Charles E. Gannon,Fire with Fire,Baen Books,,,,Nominee
2014.0,Nicola Griffith,Hild,"Farrar, Straus and Giroux",,,,Nominee
2014.0,Linda Nagata,The Red: First Light,Mythic Island Press,,,,Nominee
2014.0,Andrew Smith,Grasshopper Jungle,,,,,,,,Winner
2014.0,Hermione Eyre,Viper Wine,,,,,,,,Winner
2014.0,Nina Allan,The Race,,,,,,,,Nominee
2014.0,William Gibson,The Peripheral,,,,,,,,Nominee
2014.0,Nnedi Okorafor,Lagoon,,,,,,,,Nominee
2014.0,Will Wiles,The Way Inn,,,,,,,,Nominee
2014.0,Monica Byrne,The Girl in the Road,,,,,,,,Nominee
2014.0,Becky Chambers,"The Long Way to a Small, Angry Planet",,In the queue,,,,,,Nominee
2014.0,Emmi Itäranta,Memory of Water,,,,,,,,Nominee
2014.0,Hanya Yanagihara,The People in the Trees,,,,,,,,Nominee
2014.0,Yangsze Choo,The Ghost Bride,William Morrow,,,,,,Nominee
2014.0,Max Gladstone,Three Parts Dead,Tor Books,,,,,,Nominee
2014.0,Mark H. Williams,Sleepless Knights,Atomic Fez Publishing,,,,,,Nominee
2013.0,John Scalzi,Redshirts,Tor Books,In the queue,Read,Winner
2013.0,Kim Stanley Robinson,2312,Orbit Books,,,Nominee,Winner
2013.0,Saladin Ahmed,Throne of the Crescent Moon,DAW Books,,,Nominee,Nominee
2013.0,Mira Grant,Blackout,Orbit Books,,,Nominee
2013.0,Lois McMaster Bujold,Captain Vorpatril's Alliance,Baen Books,,,Nominee
2013.0,N. K. Jemisin,The Killing Moon,Orbit Books,,,,Nominee,Nominee
2013.0,Caitlín R. Kiernan,The Drowning Girl,Roc Books,,,,Nominee,Nominee,Nominee
2013.0,Tina Connolly,Ironskin,Tor Books,,,,Nominee
2013.0,Mary Robinette Kowal,Glamour in Glass,Tor Books,,,,Nominee
2013.0,Ruth Ozeki,A Tale for the Time Being,,,,,,,,Winner
2013.0,Anne Carson,Red Doc,,,,,,,,Nominee
2013.0,Patrick Ness,More Than This,,,,,,,,Nominee
2013.0,Thomas Pynchon,Bleeding Edge,,,,,,,,Nominee
2013.0,James Smythe,The Machine,,,,,,,,Nominee
2013.0,Anne Charnock,A Calculated Life,,,,,,,,Nominee
2013.0,Monica Hesse,Stray,,,,,,,,Nominee
2013.0,Ramez Naam,Nexus,,,,,,,,Nominee
2013.0,Robin Sloan,Mr. Penumbra's 24-Hour Bookstore,,,,,,,,Nominee
2013.0,Ursula Vernon,Digger,Sofawolf Press,,,,,,Winner
2013.0,Alan Garner,Weirdstone trilogy,"Collins, Fourth Estate",,,,,,Nominee
2013.0,R. A. MacAvoy,Death and Resurrection,Prime Books,,,,,,Nominee
2013.0,Tim Powers,Hide Me Among the Graves,William Morrow,,,,,,Nominee
2012.0,Jo Walton,Among Others,Tor Books,,In the queue,Winner,Winner,Nominee,Nominee
2012.0,China Miéville,Embassytown,Macmillan Publishers / Del Rey Books,,,Nominee,Nominee,,,Nominee
2012.0,George R. R. Martin,A Dance with Dragons,Bantam Spectra,,In the queue,Nominee,,Nominee
2012.0,Mira Grant,Deadline,Orbit Books,,,Nominee
2012.0,James S. A. Corey,Leviathan Wakes,Orbit Books,,Started but struggling,Nominee
2012.0,Kameron Hurley,God's War,Night Shade Books,,,,Nominee,,,Winner
2012.0,Jack McDevitt,Firebird,Ace Books,,,,Nominee
2012.0,Genevieve Valentine,Mechanique: a Tale of the Circus Tresaulti,Prime Books,,,,Nominee
2012.0,N. K. Jemisin,The Kingdom of Gods,Orbit Books,In the queue,,,Nominee
2012.0,Nick Harkaway,Angelmaker,,,,,,,,Winner
2012.0,Karen Lord,Redemption in Indigo,,,,,,,Winner,Winner
2012.0,Jesse Bullington,The Folly of the World,,,,,,,,Nominee
2012.0,Frances Hardinge,A Face Like Glass,,,,,,,,Nominee
2012.0,Adam Roberts,Jack Glass,,,,,,,,Nominee
2012.0,Juli Zeh,The Method,,,,,,,,Nominee
2012.0,Madeline Ashby,vN,,,,,,,,Nominee
2012.0,Jenni Fagan,Panopticon,,,,,,,,Nominee
2012.0,Rachel Hartman,Seraphina,,,,,,,,Nominee
2012.0,Tom Pollock,The City's Son,,,,,,,,Nominee
2012.0,Lisa Goldstein,The Uncertain Places,Tachyon Publications,,,,,,Winner
2012.0,Richard Parks,The Heavenly Fox,PS Publishing,,,,,,Nominee
2012.0,Catherynne M. Valente,Deathless,Tor Books,,,,,,Nominee
2011.0,Connie Willis,Blackout/All Clear,Spectra Books,,In the queue,Winner,Winner
2011.0,N. K. Jemisin,The Hundred Thousand Kingdoms,Orbit Books,In the queue,,Nominee,Nominee,Nominee
2011.0,Lois McMaster Bujold,Cryoburn,Baen Books,,,Nominee
2011.0,Ian McDonald,The Dervish House,Gollancz / Pyr,,,Nominee
2011.0,Mira Grant,Feed,Orbit Books,,,Nominee
2011.0,Nnedi Okorafor,Who Fears Death,DAW Books,,,,Nominee,Winner
2011.0,M. K. Hobson,The Native Star,Bantam Spectra,,,,Nominee
2011.0,Mary Robinette Kowal,Shades of Milk and Honey,Tor Books,,,,Nominee
2011.0,Jack McDevitt,Echo,Ace Books,,,,Nominee
2011.0,Siobhan Dowd and Patrick Ness,A Monster Calls,,,,,,,,Winner
2011.0,Jesse Bullington,The Enterprise of Death,,,,,,,,Nominee
2011.0,Jane Rogers,The Testament of Jessie Lamb,,,,,,,,Nominee
2011.0,Lavie Tidhar,Osama,,,,,,,,Nominee
2011.0,Douglas Hulick,Among Thieves,,,,,,,,Nominee
2011.0,Erin Morgenstern,The Night Circus,,Started but struggling,,,,,Nominee,Nominee
2011.0,Ransom Riggs,Miss Peregrine's Home for Peculiar Children,,,,,,,,Nominee
2011.0,Fred Venturini,The Samaritan,,,,,,,,Nominee
2011.0,Guy Gavriel Kay,Under Heaven,Roc,,,,,,Nominee
2011.0,Patricia A. McKillip,The Bards of Bone Plain,Ace Books,,,,,,Nominee
2011.0,Devon Monk,A Cup of Normal,Fairwood Press,,,,,,Nominee
2011.0,Sharon Shinn,Troubled Waters,Ace Books,,,,,,Nominee
2010.0,Paolo Bacigalupi,The Windup Girl,Night Shade Books,,,Winner,Winner
2010.0,China Miéville,The City & the City,Del Rey Books,In the queue,,Winner,Nominee,Winner,,Winner
2010.0,Cherie Priest,Boneshaker,Tor Books,,,Nominee,Nominee
2010.0,Robert J. Sawyer,Wake,Ace Books,,,Nominee
2010.0,Catherynne M. Valente,Palimpsest,Bantam Spectra,,,Nominee,,,Nominee
2010.0,Robert Charles Wilson,Julian Comstock: A Story of 22nd-Century America,Tor Books,,,Nominee
2010.0,Jeff VanderMeer,Finch,Underland Press,,,,Nominee,Nominee
2010.0,Christopher Barzak,The Love We Share Without Knowing,Bantam Books,,,,Nominee
2010.0,Laura Anne Gilman,Flesh and Fire,Pocket Books,,,,Nominee
2010.0,Lauren Beukes,Zoo City,,,,,,,,Winner
2010.0,Maurice Broaddus,King Maker,,,,,,,,Winner
2010.0,Scott K. Andrews,Children's Crusade,,,,,,,,Nominee
2010.0,China Miéville,Kraken,,,,,,,,Nominee
2010.0,K. J. Parker,The Folding Knife,,,,,,,,Nominee
2010.0,Jean-Christophe Valtat,Aurorarama,,,,,,,,Nominee
2010.0,Jo Walton,Lifelode,NESFA Press,,,,,,Winner
2010.0,Barbara Campbell,Trickster's Game trilogy,DAW Books,,,,,,Nominee
2010.0,Greer Gilman,Cloud & Ashes: Three Winter's Tales,Small Beer Press,,,,,,Nominee
2010.0,Robert Holdstock,Avilion,Gollancz,,,,,,Nominee
2009.0,Neil Gaiman,The Graveyard Book,HarperCollins,,Read,Winner,,Nominee
2009.0,Cory Doctorow,Little Brother,Tor Books,,,Nominee,Nominee
2009.0,Neal Stephenson,Anathem,Morrow,,,Nominee
2009.0,Charles Stross,Saturn's Children,Ace Books,,,Nominee
2009.0,John Scalzi,Zoe's Tale,Tor Books,,,Nominee
2009.0,Ursula K. Le Guin,Powers,Harcourt,,,,Winner
2009.0,Jack McDevitt,Cauldron,Ace Books,,,,Nominee
2009.0,Terry Pratchett,Making Money,Harper,,,,Nominee
2009.0,David J. Schwartz,Superpowers,Three Rivers Press,,,,Nominee
2009.0,Joe Abercrombie,Best Served Cold,,,,,,,,Nominee
2009.0,Jane Austen (posth.) and Seth Grahame-Smith,Pride and Prejudice and Zombies,,In the queue,,,,,,Nominee
2009.0,Lev Grossman,The Magicians,,,,,,,,Nominee
2009.0,Reif Larsen,The Selected Works of T. S. Spivet,,,,,,,,Nominee
2009.0,Carol Berg,Flesh and Spirit and Breath and Bone,Roc,,,,,,Winner
2009.0,Daryl Gregory,Pandemonium,Del Rey,,,,,,Nominee
2009.0,Ursula K. Le Guin,Lavinia,Harcourt,,,,,,Nominee
2009.0,Patricia A. McKillip,The Bell at Sealey Head,Ace Books,,,,,,Nominee
2009.0,Gene Wolfe,An Evil Guest,Tor Books,,,,,,Nominee
2008.0,Michael Chabon,The Yiddish Policemen's Union,HarperCollins,,In the queue,Winner,Winner
2008.0,Ian McDonald,Brasyl,Pyr,,,Nominee,Nominee
2008.0,John Scalzi,The Last Colony,Tor Books,,In the queue,Nominee
2008.0,Charles Stross,Halting State,Ace Books,,,Nominee
2008.0,Robert J. Sawyer,Rollback,Tor Books,,,Nominee
2008.0,Jack McDevitt,Odyssey,Ace Books,,,,Nominee
2008.0,Joe Haldeman,The Accidental Time Machine,Ace Books,,,,Nominee
2008.0,Nalo Hopkinson,The New Moon's Arms,Warner,,,,Nominee,,Nominee
2008.0,Tobias S. Buckell,Ragamuffin,Tor Books,,,,Nominee
2008.0,Catherynne M. Valente,The Orphan's Tales,Bantam Spectra,,,,,,Winner
2008.0,Theodora Goss,In the Forest of Forgetting,Prime Books,,,,,,Nominee
2008.0,Guy Gavriel Kay,Ysabel,Roc,,,,,,Nominee
2008.0,John C. Wright,Chronicles of Chaos,Tor Books,,,,,,Nominee
2007.0,Vernor Vinge,Rainbows End,Tor Books,,,Winner
2007.0,Charles Stross,Glasshouse,Ace Books,,,Nominee
2007.0,Naomi Novik,His Majesty's Dragon,Voyager Books,Read,,Nominee
2007.0,Michael F. Flynn,Eifelheim,Tor Books,,,Nominee
2007.0,Peter Watts,Blindsight,Tor Books,,In the queue,Nominee
2007.0,Jack McDevitt,Seeker,Ace Books,,,,Winner
2007.0,Ellen Kushner,The Privilege of the Sword,Bantam Spectra,,,,Nominee,Nominee
2007.0,Jeffrey Ford,The Girl in the Glass,HarperCollins,,,,Nominee
2007.0,Jo Walton,Farthing,Tor Books,,,,Nominee
2007.0,Richard Bowes,From the Files of the Time Rangers,Golden Gryphon Press,,,,Nominee
2007.0,Wil McCarthy,To Crush the Moon,Bantam Spectra,,,,Nominee
2007.0,Patricia A. McKillip,Solstice Wood,Ace Books,,,,,,Winner
2007.0,Peter S. Beagle,The Line Between,Tachyon Publications,,,,,,Nominee
2007.0,Susanna Clarke,The Ladies of Grace Adieu,Bloomsbury,,,,,,Nominee
2007.0,Keith Donohue,The Stolen Child,Nan A. Talese,,,,,,Nominee
2007.0,Susan Palwick,The Necessary Beggar,Tor Books,,,,,,Nominee
2007.0,Tim Powers,Three Days to Never,William Morrow,,,,,,Nominee
2006.0,Robert Charles Wilson,Spin,Tor Books,,,Winner
2006.0,Ken MacLeod,Learning the World,Orbit Books,,,Nominee
2006.0,George R. R. Martin,A Feast for Crows,Voyager Books,,Read,Nominee
2006.0,John Scalzi,Old Man's War,Tor Books,In the queue,Read,Nominee
2006.0,Charles Stross,Accelerando,Ace Books,,,Nominee
2006.0,Joe Haldeman,Camouflage,Analog Science Fiction and Fact,,,,Winner
2006.0,Jack McDevitt,Polaris,Ace Books,,,,Nominee
2006.0,Terry Pratchett,Going Postal,HarperCollins,,,,Nominee
2006.0,Geoff Ryman,Air,St. Martin's Press,,,,Nominee
2006.0,John C. Wright,Orphans of Chaos,Tor Books,,,,Nominee
2006.0,Neil Gaiman,Anansi Boys,William Morrow,,,,,,Winner
2006.0,Margaret Atwood,The Penelopiad,Knopf Canada,,,,,,Nominee
2006.0,Lois McMaster Bujold,The Hallowed Hunt,Eos,,,,,,Nominee
2006.0,Tanith Lee,Metallic Love,Bantam Spectra,,,,,,Nominee
2006.0,Tim Pratt,The Strange Adventures of Rangergirl,Bantam Spectra,,,,,,Nominee
2005.0,Susanna Clarke,Jonathan Strange & Mr Norrell,Bloomsbury Publishing,In the queue,Read,Winner,Nominee,Winner,Winner
2005.0,China Miéville,Iron Council,Del Rey Books,,,Nominee,,Nominee
2005.0,Ian McDonald,River of Gods,Simon & Schuster,,,Nominee
2005.0,Iain M. Banks,The Algebraist,Orbit Books,,,Nominee
2005.0,Charles Stross,Iron Sunrise,Ace Books,,,Nominee
2005.0,Sean Stewart,Perfect Circle,Small Beer Press,,,,Nominee,Nominee
2005.0,Cory Doctorow,Down and Out in the Magic Kingdom,Tor Books,,,,Nominee
2005.0,Jack McDevitt,Omega,Ace Books,,,,Nominee
2005.0,David Mitchell,Cloud Atlas,Random House,,,,Nominee
2005.0,Gene Wolfe,The Knight,Tor Books,,,,Nominee
2005.0,Kage Baker,The Anvil of the World,Tor Books,,,,,,Nominee
2005.0,Elizabeth Hand,Mortal Love,William Morrow,,,,,,Nominee
2005.0,Patricia A. McKillip,Alphabet of Thorn,Ace Books,,,,,,Nominee
2005.0,Gene Wolfe,The Wizard Knight,Tor Books,,,,,,Nominee
2004.0,Lois McMaster Bujold,Paladin of Souls,Eos,,,Winner,Winner,,Nominee
2004.0,Dan Simmons,Ilium,Eos,,,Nominee
2004.0,Charles Stross,Singularity Sky,Ace Books,,,Nominee
2004.0,Robert Charles Wilson,Blind Lake,Tor Books,,,Nominee
2004.0,Robert J. Sawyer,Humans,Tor Books,,,Nominee
2004.0,Elizabeth Moon,The Speed of Dark,Ballantine Books,,,,Winner
2004.0,Lois McMaster Bujold,Diplomatic Immunity,Baen Books,,,,Nominee
2004.0,Carol Emshwiller,The Mount,Small Beer Press,,,,Nominee
2004.0,Kathleen Ann Goonan,Light Music,Eos,,,,Nominee
2004.0,Nalo Hopkinson,The Salt Roads,Warner,,,,Nominee
2004.0,Jack McDevitt,Chindi,Ace Books,,,,Nominee
2004.0,Robin McKinley,Sunshine,Berkley Publishing Group,,,,,,Winner
2004.0,Kij Johnson,Fudoki,Tor Books,,,,,,Nominee
2004.0,Ursula K. Le Guin,Changing Planes,Harcourt Inc.,,,,,,Nominee
2004.0,Patricia A. McKillip,In the Forests of Serre,Ace Books,,,,,,Nominee
2003.0,Robert J. Sawyer,Hominids,Analog Science Fiction and Fact,,,Winner
2003.0,Michael Swanwick,Bones of the Earth,Eos,,,Nominee,Nominee
2003.0,China Miéville,The Scar,Del Rey Books,,,Nominee,,Nominee
2003.0,David Brin,Kiln People (UK: Kil'n People),Tor Books,,,Nominee
2003.0,Kim Stanley Robinson,The Years of Rice and Salt,Bantam Books,,,Nominee
2003.0,Ursula K. Le Guin,The Other Wind,Harcourt,,,,Nominee,Winner,Nominee
2003.0,Kelley Eskridge,Solitaire,Eos,,,,Nominee
2003.0,Robert A. Metzger,Picoverse,Ace Books,,,,Nominee
2003.0,Patricia A. McKillip,Ombria in Shadow,Ace Books,,,,,,Winner
2003.0,Nina Kiriki Hoffman,A Fistful of Sky,Ace Books,,,,,,Nominee
2003.0,Ellen Kushner and Delia Sherman,The Fall of the Kings,Bantam Books,,,,,,Nominee
2002.0,Neil Gaiman,American Gods,William Morrow and Company,Started but struggling,Read,Winner,Winner,Nominee,Nominee
2002.0,China Miéville,Perdido Street Station,Macmillan Publishers,,,Nominee,Nominee,Nominee
2002.0,Connie Willis,Passage,Bantam Books,,,Nominee,Nominee
2002.0,Lois McMaster Bujold,The Curse of Chalion,Eos,,,Nominee,,Nominee,Winner
2002.0,Robert Charles Wilson,The Chronoliths,Tor Books,,,Nominee
2002.0,Ken MacLeod,Cosmonaut Keep,Orbit Books,,,Nominee
2002.0,Catherine Asaro,The Quantum Rose,Tor Books,,,,Winner
2002.0,Tim Powers,Declare,Subterranean Press,,,,Nominee,Winner,Nominee
2002.0,Jeffrey Carver,Eternity's End,Tor Books,,,,Nominee
2002.0,Geoffrey A. Landis,Mars Crossing,Tor Books,,,,Nominee
2002.0,Wil McCarthy,The Collapsium,Del Rey Books,,,,Nominee
2002.0,Patricia A. McKillip,The Tower at Stony Wood,Ace Books,,,,Nominee
2002.0,Sarah A. Hoyt,Ill Met by Moonlight,Ace Books,,,,,,Nominee
2001.0,J. K. Rowling,Harry Potter and the Goblet of Fire,Bloomsbury Publishing,Read,Read,Winner
2001.0,George R. R. Martin,A Storm of Swords,HarperCollins Voyager,,Read,Nominee,Nominee
2001.0,Nalo Hopkinson,Midnight Robber,Warner Aspect,,,Nominee,Nominee
2001.0,Robert J. Sawyer,Calculating God,Tor Books,,,Nominee
2001.0,Ken MacLeod,The Sky Road,Tor Books,,,Nominee
2001.0,Kathleen Ann Goonan,Crescent City Rhapsody,Avon Eos,,,,Nominee
2001.0,Jack McDevitt,Infinity Beach,HarperPrism,,,,Nominee
2001.0,Charles de Lint,Forests of the Heart,Tor Books,,,,Nominee,,Nominee
2001.0,Midori Snyder,The Innamorati,Tor Books,,,,,,Winner
2001.0,Win Blevins,RavenShadow,Forge,,,,,,Nominee
2001.0,Guy Gavriel Kay,The Sarantine Mosaic,Penguin Books Canada,,,,,,Nominee
2000.0,Vernor Vinge,A Deepness in the Sky,Tor Books,,,Winner,Nominee
2000.0,Greg Bear,Darwin's Radio,HarperCollins,,,Nominee,Winner
2000.0,Lois McMaster Bujold,A Civil Campaign,Baen Books,,,Nominee,Nominee
2000.0,Neal Stephenson,Cryptonomicon,Avon Publications,,In the queue,Nominee
2000.0,J. K. Rowling,Harry Potter and the Prisoner of Azkaban,Bloomsbury Publishing,Read,,Nominee
2000.0,Octavia E. Butler,Parable of the Talents,Seven Stories Press,,,,Winner
2000.0,Sean Stewart,Mockingbird,Ace Books,,,,Nominee,Nominee
2000.0,Ken MacLeod,The Cassini Division,Tor Books,,,,Nominee
2000.0,George R. R. Martin,A Clash of Kings,Bantam Spectra,,,,Nominee
2000.0,Maureen F. McHugh,Mission Child,Avon Eos,,,,Nominee
2000.0,Peter S. Beagle,Tamsin,Roc,,,,,,Winner
2000.0,A. S. Byatt,Elementals,Chatto & Windus,,,,,,Nominee
2000.0,Lisa Goldstein,Dark Cities Underground,Tor Books,,,,,,Nominee
2000.0,Peg Kerr,The Wild Swans,Aspect,,,,,,Nominee
2000.0,Yves Meynard,The Book of Knights,Tor Books,,,,,,Nominee
1999.0,Connie Willis,To Say Nothing of the Dog,Bantam Spectra,,In the queue,Winner,Nominee
1999.0,Mary Doria Russell,Children of God,Villard Books,,,Nominee
1999.0,Robert Charles Wilson,Darwinia,Tor Books,,,Nominee
1999.0,Bruce Sterling,Distraction,Bantam Spectra,,,Nominee
1999.0,Robert J. Sawyer,Factoring Humanity,Tor Books,,,Nominee
1999.0,Catherine Asaro,The Last Hawk,Tor Books,,,,Nominee
1999.0,Jack McDevitt,Moonfall,HarperPrism,,,,Nominee
1999.0,Harry Turtledove,How Few Remain,Del Rey Books,,,,Nominee
1999.0,Martha Wells,The Death of the Necromancer,Avon,,,,Nominee
1999.0,Neil Gaiman and Charles Vess,Stardust,DC Comics,In the queue,,,,,Winner
1999.0,Charles de Lint,Someplace to be Flying,Tor Books,,,,,,Nominee
1999.0,R. E. Klein,The History of our World Beyond the Wave,Houghton Mifflin Harcourt,,,,,,Nominee
1999.0,Patricia A. McKillip,Song for the Basilisk,Ace Books,,,,,,Nominee
1999.0,James Stoddard,The High House,Warner Books,,,,,,Nominee
1998.0,Joe Haldeman,Forever Peace,Ace Books,,,Winner,Winner
1998.0,Walter Jon Williams,City on Fire,HarperPrism,,,Nominee,Nominee
1998.0,Dan Simmons,The Rise of Endymion,Bantam Spectra,,In the queue,Nominee
1998.0,Robert J. Sawyer,Frameshift,Tor Books,,,Nominee
1998.0,Michael Swanwick,Jack Faust,Avon Publications,,,Nominee
1998.0,Vonda N. McIntyre,The Moon and the Sun,Pocket Books,,,,Winner
1998.0,George R. R. Martin,A Game of Thrones,Bantam Spectra,Read,,,Nominee,Nominee
1998.0,Kate Elliott,King's Dragon,DAW Books,,,,Nominee
1998.0,Jack McDevitt,Ancient Shores,HarperPrism,,,,Nominee
1998.0,Connie Willis,Bellwether,Bantam Spectra,,,,Nominee
1998.0,A. S. Byatt,The Djinn in the Nightingale's Eye,Chatto & Windus,,,,,,Winner
1998.0,Peter S. Beagle,Giant Bones,Roc,,,,,,Nominee
1998.0,Charles de Lint,Trader,Tor Books,,,,,,Nominee
1998.0,Neil Gaiman,Neverwhere,BBC Books,,,,,,Nominee
1998.0,Patrick O'Leary,The Gift,Tor Books,,,,,,Nominee
1997.0,Kim Stanley Robinson,Blue Mars,HarperCollins Voyager,,,Winner
1997.0,Lois McMaster Bujold,Memory,Baen Books,,,Nominee,Nominee
1997.0,Robert J. Sawyer,Starplex,Analog Science Fiction and Fact,,,Nominee,Nominee
1997.0,Elizabeth Moon,Remnant Population,Baen Books,,,Nominee
1997.0,Bruce Sterling,Holy Fire,Bantam Spectra,,,Nominee
1997.0,Nicola Griffith,Slow River,Del Rey Books,,,,Winner
1997.0,Nina Kiriki Hoffman,The Silent Strength of Stones,AvoNova,,,,Nominee,Nominee
1997.0,Tim Powers,Expiration Date,Tor Books,,,,Nominee,Nominee
1997.0,Patricia A. McKillip,Winter Rose,Ace Books,,,,Nominee,,Nominee
1997.0,Terri Windling,The Wood Wife,Tor Books,,,,,,Winner
1997.0,John Barnes,One for the Morning Glory,Tor Books,,,,,,Nominee
1997.0,Nancy Springer,Fair Peril,Avon Books,,,,,,Nominee
1997.0,Gene Wolfe,The Book of the Long Sun,Tor Books,,,,,,Nominee
1996.0,Neal Stephenson,The Diamond Age,Bantam Spectra,,,Winner,Nominee
1996.0,Stephen Baxter,The Time Ships,HarperPrism,,,Nominee
1996.0,David Brin,Brightness Reef,Bantam Books,,,Nominee
1996.0,Robert J. Sawyer,The Terminal Experiment (also known as Hobson's Choice),Analog Science Fiction and Fact,,,Nominee
1996.0,Connie Willis,Remake,Bantam Spectra,,,Nominee
1996.0,Robert J. Sawyer,The Terminal Experiment,HarperPrism,,,,Winner
1996.0,Paul Park,Celestis,Tor Books,,,,Nominee
1996.0,Walter Jon Williams,Metropolitan,HarperPrism,,,,Nominee
1996.0,Gene Wolfe,Calde of the Long Sun,Tor Books,,,,Nominee
1996.0,Elizabeth Hand,Waking the Moon,HarperCollins,,,,,,Winner
1996.0,James P. Blaylock,All the Bells on Earth,Ace Books,,,,,,Nominee
1996.0,Patricia A. McKillip,The Book of Atrix Wolfe,Ace Books,,,,,,Nominee
1996.0,Kenneth Morris,The Dragon Path,Tom Doherty Assoc.,,,,,,Nominee
1995.0,Lois McMaster Bujold,Mirror Dance,Baen Books,,,Winner
1995.0,James K. Morrow,Towing Jehovah,Harcourt Brace,,,Nominee,Nominee,Winner
1995.0,John Barnes,Mother of Storms,Tor Books,,,Nominee,Nominee
1995.0,Nancy Kress,Beggars and Choosers,Tor Books,,,Nominee,Nominee
1995.0,Michael Bishop,Brittle Innings,Bantam Books,,,Nominee,,Nominee,Nominee
1995.0,Octavia E. Butler,Parable of the Sower,Four Walls Eight Windows,,,,Nominee
1995.0,Jonathan Lethem,"Gun, with Occasional Music",Harcourt Brace,,,,Nominee
1995.0,Rachel Pollack,Temporary Agency,St. Martin's Press,,,,Nominee,,Nominee
1995.0,Roger Zelazny,A Night in the Lonesome October,Morrow AvoNova,,,,Nominee
1995.0,Patricia A. McKillip,Something Rich and Strange,Bantam Spectra,,,,,,Winner
1995.0,Pamela Dean,The Dubious Hills,Tor Books,,,,,,Nominee
1995.0,Robert Holdstock,The Hollowing,HarperCollins,,,,,,Nominee
1994.0,Kim Stanley Robinson,Green Mars,HarperCollins,,,Winner,Nominee
1994.0,Greg Bear,Moving Mars,Tor Books,,,Nominee,Winner
1994.0,Nancy Kress,Beggars in Spain,Morrow AvoNova,,,Nominee,Nominee
1994.0,David Brin,Glory Season,Bantam Spectra,,,Nominee
1994.0,William Gibson,Virtual Light,Bantam Spectra,,,Nominee
1994.0,Kevin J. Anderson/Doug Beason,Assemblers of Infinity,Analog Science Fiction and Fact,,,,Nominee
1994.0,Algis Budrys,Hard Landing,Fantasy & Science Fiction,,,,Nominee
1994.0,Gene Wolfe,Nightside the Long Sun,Tor Books,,,,Nominee
1994.0,Delia Sherman,The Porcelain Dove,Dutton Adult,,,,,,Winner
1994.0,Peter S. Beagle,The Innkeeper's Song,Ace Books,,,,,,Nominee
1994.0,Patricia A. McKillip,The Cygnet and the Firebird,Ace Books,,,,,,Nominee
1994.0,Robin McKinley,Deerskin,Ace Books,,,,,,Nominee
1993.0,Connie Willis,Doomsday Book,Bantam Spectra,,In the queue,Winner,Winner,,Nominee
1993.0,Vernor Vinge,A Fire Upon the Deep,Tor Books,,,Winner,Nominee
1993.0,Kim Stanley Robinson,Red Mars,HarperCollins,,,Nominee,Winner
1993.0,Maureen F. McHugh,China Mountain Zhang,Tor Books,,,Nominee,Nominee
1993.0,John Varley,Steel Beach,Ace Books/Putnam Publishing Group,,,Nominee
1993.0,Jane Yolen,Briar Rose,Tor Books,,,,Nominee,Nominee,Winner
1993.0,John Barnes,A Million Open Doors,Tor Books,,,,Nominee
1993.0,Karen Joy Fowler,Sarah Canary,Henry Holt and Company,,,,Nominee
1993.0,James P. Blaylock,The Paper Grail,Ace Books,,,,,,Nominee
1993.0,Tim Powers,Last Call,William Morrow & Co,,,,,,Nominee
1993.0,Susan Shwartz,The Grail of Hearts,Tor Books,,,,,,Nominee
1992.0,Lois McMaster Bujold,Barrayar,Analog Science Fact & Fiction,,,Winner,Nominee
1992.0,Michael Swanwick,Stations of the Tide,Asimov's Science Fiction,,,Nominee,Winner
1992.0,Emma Bull,Bone Dance,Ace Books,,,Nominee,Nominee,Nominee
1992.0,Anne McCaffrey,All the Weyrs of Pern,Del Rey Books,,,Nominee
1992.0,Joan D. Vinge,The Summer Queen,Warner Questar,,,Nominee
1992.0,Orson Scott Card,Xenocide,Tor Books,,Read,Nominee
1992.0,John Barnes,Orbital Resonance,Tor Books,,,,Nominee
1992.0,Pat Cadigan,Synners,Bantam Spectra,,,,Nominee
1992.0,Bruce Sterling/William Gibson,The Difference Engine,Bantam Spectra,,,,Nominee
1992.0,Eleanor Arnason,A Woman of the Iron People,William Morrow & Co,,,,,,Winner
1992.0,Pamela Dean,Tam Lin,Tor Books,,,,,,Nominee
1992.0,Greer Ilene Gilman,Moonwise,Roc,,,,,,Nominee
1992.0,Patricia A. McKillip,The Sorceress and the Cygnet,Ace Books,,,,,,Nominee
1992.0,Sheri S. Tepper,Beauty,Doubleday,,,,,,Nominee
1991.0,Lois McMaster Bujold,The Vor Game,Baen Books,,,Winner
1991.0,Dan Simmons,The Fall of Hyperion,Doubleday,,In the queue,Nominee,Nominee
1991.0,David Brin,Earth,Bantam Spectra,,,Nominee
1991.0,Michael P. Kube-McDowell,The Quiet Pools,Ace Books,,,Nominee
1991.0,Greg Bear,Queen of Angels,Warner Questar,,,Nominee
1991.0,Ursula K. Le Guin,Tehanu: The Last Book of Earthsea,Macmillan Publishers,In the queue,,,Winner
1991.0,James K. Morrow,Only Begotten Daughter,Doubleday,,,,Nominee,Winner,Nominee
1991.0,Valerie Martin,Mary Reilly,Doubleday Foundation,,,,Nominee,Nominee
1991.0,John E. Stith,Redshift Rendezvous,Ace Books,,,,Nominee
1991.0,Jane Yolen,White Jenna,Tor Books,,,,Nominee
1991.0,Ellen Kushner,Thomas the Rhymer,William Morrow & Co,,,,,,Winner
1991.0,Guy Gavriel Kay,Tigana,Penguin Canada,,,,,,Nominee
1991.0,Ursula K. Le Guin,Tehanu,Atheneum Books,,,,,,Nominee
1991.0,Jane Yolen,The Books of Great Alta,Tor Books,,,,,,Nominee
1990.0,Dan Simmons,Hyperion,Doubleday,,Read,Winner
1990.0,Orson Scott Card,Prentice Alvin,Tor Books,,,Nominee,Nominee,,Nominee
1990.0,Poul Anderson,The Boat of a Million Years,Tor Books,,,Nominee,Nominee
1990.0,George Alec Effinger,A Fire in the Sun,Doubleday,,,Nominee
1990.0,Sheri S. Tepper,Grass,Doubleday,,,Nominee
1990.0,Elizabeth Ann Scarborough,The Healer's War,Doubleday Foundation,,,,Winner
1990.0,John Kessel,Good News From Outer Space,Tor Books,,,,Nominee
1990.0,Mike Resnick,Ivory: A Legend of Past and Future,Tor Books,,,,Nominee
1990.0,Jane Yolen,"Sister Light, Sister Dark",Tor Books,,,,Nominee
1990.0,Tim Powers,The Stress of Her Regard,Ace Books,,,,,,Winner
1990.0,Patricia A. McKillip,The Changeling Sea,Atheneum Books,,,,,,Nominee
1990.0,Pat Murphy,"The City, Not Long After",Doubleday,,,,,,Nominee
1990.0,Matt Ruff,Fool on the Hill,The Atlantic Monthly Press,,,,,,Nominee
1989.0,C. J. Cherryh,Cyteen,Warner Books,,,Winner
1989.0,Lois McMaster Bujold,Falling Free,Analog Science Fact & Fiction,,,Nominee,Winner
1989.0,Orson Scott Card,Red Prophet,Tor Books,,,Nominee,Nominee,,Nominee
1989.0,William Gibson,Mona Lisa Overdrive,Victor Gollancz Ltd,,,Nominee,Nominee
1989.0,Bruce Sterling,Islands in the Net,Arbor House,,,Nominee
1989.0,Lewis Shiner,Deserted Cities of the Heart,Doubleday Foundation,,,,Nominee
1989.0,George Turner,Drowning Towers,Arbor House,,,,Nominee
1989.0,Gregory Benford,Great Sky River,Bantam Spectra,,,,Nominee
1989.0,Michael Bishop,Unicorn Mountain,Arbor House / William Morrow,,,,,,Winner
1989.0,James P. Blaylock,The Last Coin,Ace Books,,,,,,Nominee
1989.0,Kara Dalkey,The Nightingale,Ace Books,,,,,,Nominee
1989.0,Diana L. Paxson,The White Raven,William Morrow & Co,,,,,,Nominee
1989.0,Michaela Roessner,Walkabout Woman,Bantam Books,,,,,,Nominee
1988.0,David Brin,The Uplift War,Bantam Spectra,,,Winner,Nominee
1988.0,George Alec Effinger,When Gravity Fails,Arbor House,,,Nominee,Nominee
1988.0,Greg Bear,The Forge of God,Tor Books,,,Nominee,Nominee
1988.0,Gene Wolfe,The Urth of the New Sun,Tor Books,,In the queue,Nominee,Nominee
1988.0,Orson Scott Card,Seventh Son,Tor Books,,,Nominee,,Nominee,Winner
1988.0,Pat Murphy,The Falling Woman,Tor Books,,,,Winner,,Nominee
1988.0,Gene Wolfe,Soldier of the Mist,Tor Books,,,,Nominee,Nominee
1988.0,Avram Davidson,Vergil in Averno,Doubleday,,,,Nominee
1988.0,Emma Bull,War for the Oaks,Ace Books,,,,,,Nominee
1988.0,Connie Willis,Lincoln's Dreams,Bantam Books,,,,,,Nominee
1987.0,Orson Scott Card,Speaker for the Dead,Tor Books,In the queue,Read,Winner,Winner
1987.0,William Gibson,Count Zero,Asimov's Science Fiction,,,Nominee,Nominee
1987.0,Bob Shaw,The Ragged Astronauts,Victor Gollancz Ltd,,,Nominee
1987.0,Vernor Vinge,Marooned in Realtime,Analog Science Fact & Fiction,,,Nominee
1987.0,L. Ron Hubbard,Black Genesis,Bridge Publications,,,Nominee
1987.0,Gene Wolfe,Free Live Free,Tor Books,,,,Nominee
1987.0,Margaret Atwood,The Handmaid's Tale,Houghton Mifflin,,,,Nominee
1987.0,Leigh Kennedy,The Journal of Nicholas the American,Atlantic Monthly Press,,,,Nominee
1987.0,James K. Morrow,This Is the Way the World Ends,Henry Holt and Company,,,,Nominee
1987.0,Peter S. Beagle,The Folk of the Air,Del Rey,,,,,,Winner
1987.0,Guy Gavriel Kay,The Fionavar Tapestry,Berkley Books,,,,,,Nominee
1987.0,Tanith Lee,Tales from the Flat Earth,DAW Books,,,,,,Nominee
1987.0,Jane Yolen,Merlin's Booke,Ace Books,,,,,,Nominee
1986.0,Orson Scott Card,Ender's Game,Tor Books,Read,Read,Winner,Winner
1986.0,David Brin,The Postman,Bantam Spectra,,,Nominee,Nominee
1986.0,Greg Bear,Blood Music,Arbor House,,,Nominee,Nominee
1986.0,C. J. Cherryh,Cuckoo's Egg,DAW Books,,,Nominee
1986.0,Larry Niven/Jerry Pournelle,Footfall,Del Rey Books,,,Nominee
1986.0,Tim Powers,Dinner at Deviant's Palace,Ace Books,,,,Nominee
1986.0,Brian Aldiss,Helliconia Winter,Atheneum Books,,,,Nominee
1986.0,Barry N. Malzberg,The Remaking of Sigmund Freud,Del Rey Books,,,,Nominee
1986.0,Bruce Sterling,Schismatrix,Arbor House,,,,Nominee
1986.0,Barry Hughart,Bridge of Birds,St. Martin's Press,,,,,,Winner
1986.0,Barbara Hambly,Dragonsbane,Del Rey,,,,,,Nominee
1986.0,P. C. Hodgell,Dark of the Moon,Atheneum Books,,,,,,Nominee
1986.0,Diana Wynne Jones,Fire and Hemlock,Greenwillow Books,,,,,,Nominee
1986.0,Ursula K. Le Guin,Always Coming Home,Harper and Row,,,,,,Nominee
1986.0,Manuel Mujica Lainez,The Wandering Unicorn,Berkley Books,,,,,,Nominee
1985.0,William Gibson,Neuromancer,Ace Books,,In the queue,Winner,Winner
1985.0,Robert A. Heinlein,Job: A Comedy of Justice,Del Rey Books,,,Nominee,Nominee
1985.0,Larry Niven,The Integral Trees,Del Rey Books,,,Nominee,Nominee
1985.0,David R. Palmer,Emergence,Bantam Books,,,Nominee
1985.0,Vernor Vinge,The Peace War,Bluejay Books,,,Nominee
1985.0,Lewis Shiner,Frontera,Baen Books,,,,Nominee
1985.0,Jack Dann,The Man Who Melted,Bluejay Books,,,,Nominee
1985.0,Kim Stanley Robinson,The Wild Shore,Ace Books,,,,Nominee
1985.0,Jane Yolen,Cards of Grief,Ace Books,,,,,,Winner
1985.0,Charles de Lint,Moonheart,Ace Books,,,,,,Nominee
1985.0,R. A. MacAvoy,The Damiano Trilogy,Bantam Books,,,,,,Nominee
1985.0,Robin McKinley,The Hero and the Crown,Greenwillow Books,,,,,,Nominee
1985.0,J. R. R. Tolkien,The Book of Lost Tales,George Allen & Unwin,,,,,,Nominee
1984.0,David Brin,Startide Rising,Bantam Books,,,Winner,Winner
1984.0,R. A. MacAvoy,Tea with the Black Dragon,Bantam Books,,,Nominee,Nominee,Nominee
1984.0,John Varley,Millennium,Berkley Books,,,Nominee
1984.0,Anne McCaffrey,Moreta: Dragonlady of Pern,Del Rey Books,,,Nominee
1984.0,Isaac Asimov,The Robots of Dawn,Doubleday,,,Nominee
1984.0,Jack Vance,Lyonesse,Berkley Books,,,,Nominee,Nominee
1984.0,Gregory Benford,Against Infinity,Timescape Books,,,,Nominee
1984.0,Gene Wolfe,The Citadel of the Autarch,Timescape Books,,,,Nominee
1984.0,Norman Spinrad,The Void Captain's Tale,Timescape Books,,,,Nominee
1984.0,Joy Chant,When Voiha Wakes,Golden Apple,,,,,,Winner
1983.0,Isaac Asimov,Foundation's Edge,Doubleday,,,Winner,Nominee
1983.0,Gene Wolfe,The Sword of the Lictor,Timescape,,,Nominee,Nominee,Nominee
1983.0,Robert A. Heinlein,Friday,"Holt, Rinehart and Winston",,,Nominee,Nominee
1983.0,C. J. Cherryh,The Pride of Chanur,DAW Books,,,Nominee
1983.0,Arthur C. Clarke,2010: Odyssey Two,Del Rey Books,,,Nominee
1983.0,Donald Kingsbury,Courtship Rite,Timescape,,,Nominee
1983.0,Michael Bishop,No Enemy But Time,Timescape Books,,,,Winner
1983.0,Brian Aldiss,Helliconia Spring,Atheneum Books,,,,Nominee
1983.0,Philip K. Dick,The Transmigration of Timothy Archer,Timescape Books,,,,Nominee
1983.0,Carol Kendall,The Firelings,Bodley Head Children's Books,,,,,,Winner
1983.0,Marion Zimmer Bradley,The Mists of Avalon,Alfred A. Knopf,,,,,,Nominee
1983.0,Stephen R. Donaldson,The One Tree,Del Rey,,,,,,Nominee
1983.0,David Eddings,Queen of Sorcery,Del Rey,,,,,,Nominee
1983.0,P. C. Hodgell,God Stalk,Atheneum Books,,,,,,Nominee
1983.0,Robin McKinley,The Blue Sword,Greenwillow Books,Read,,,,,Nominee
1983.0,Robin McKinley,The Door in the Hedge,Greenwillow Books,,,,,,Nominee
1983.0,Diana L. Paxson,Lady of Light,Pocket Books,,,,,,Nominee
1983.0,Meredith Ann Pierce,The Darkangel,Little Brown & Co,,,,,,Nominee
1982.0,C. J. Cherryh,Downbelow Station,DAW Books,,,Winner
1982.0,Gene Wolfe,The Claw of the Conciliator,Timescape Books,,Read,Nominee,Winner,Nominee,Nominee
1982.0,John Crowley,"Little, Big",Bantam Books,,,Nominee,Nominee,Winner,Winner
1982.0,Julian May,The Many-Colored Land,Houghton Mifflin,,,Nominee,Nominee,,Nominee
1982.0,Clifford D. Simak,Project Pope,Del Rey Books,,,Nominee
1982.0,A. A. Attanasio,Radix,William Morrow and Company,,,,Nominee
1982.0,Russell Hoban,Riddley Walker,Summit Books,,,,Nominee
1982.0,Suzy McKee Charnas,The Vampire Tapestry,Simon & Schuster,,,,Nominee
1982.0,Tanith Lee,Delusion's Master,DAW Books,,,,,,Nominee
1982.0,Elizabeth A. Lynn,The Woman Who Loved the Moon,Berkley Books,,,,,,Nominee
1982.0,Nancy Springer,The Sable Moon,Pocket Books,,,,,,Nominee
1981.0,Joan D. Vinge,The Snow Queen,Dial Press,,,Winner,Nominee
1981.0,Frederik Pohl,Beyond the Blue Event Horizon,Del Rey Books,,,Nominee,Nominee
1981.0,Robert Silverberg,Lord Valentine's Castle,The Magazine of Fantasy & Science Fiction,,,Nominee
1981.0,Larry Niven,The Ringworld Engineers,Galileo Magazine of Science & Fiction,,,Nominee
1981.0,John Varley,Wizard,Berkley Putnam,,,Nominee
1981.0,Gregory Benford,Timescape,Simon & Schuster,,,,Winner
1981.0,Gene Wolfe,The Shadow of the Torturer,Simon & Schuster,,,,Nominee,Winner
1981.0,Walter Tevis,Mockingbird,Doubleday,,,,Nominee,Nominee
1981.0,Robert Stallman,The Orphan,Pocket Books,,,,Nominee
1981.0,J. R. R. Tolkien,Unfinished Tales,George Allen & Unwin,,,,,,Winner
1981.0,Joy Chant,The Grey Mane of Morning,George Allen & Unwin,,,,,,Nominee
1981.0,Stephen R. Donaldson,The Wounded Land,Del Rey,,,,,,Nominee
1981.0,Ursula K. Le Guin,The Beginning Place,Harper and Row,,,,,,Nominee
1981.0,Morgan Llywelyn,Lion of Ireland,Houghton Mifflin,,,,,,Nominee
1980.0,Arthur C. Clarke,The Fountains of Paradise,Victor Gollancz Ltd,,,Winner,Winner
1980.0,John Varley,Titan,Berkley Putnam,,,Nominee,Nominee
1980.0,Frederik Pohl,Jem,St. Martin's Press,,,Nominee,Nominee
1980.0,Thomas M. Disch,On Wings of Song,The Magazine of Fantasy & Science Fiction,,,Nominee,Nominee
1980.0,Patricia A. McKillip,Harpist in the Wind,Atheneum Books,,,Nominee,,Nominee
1980.0,Kate Wilhelm,Juniper Time,Harper & Row,,,,Nominee
1980.0,Richard Cowper,The Road to Corlay,Pocket Books,,,,Nominee
1979.0,Vonda N. McIntyre,Dreamsnake,Houghton Mifflin,,,Winner,Winner
1979.0,C. J. Cherryh,The Faded Sun: Kesrith,Galaxy Science Fiction,,,Nominee,Nominee
1979.0,Tom Reamy,Blind Voices,Berkley Putnam,,,Nominee,Nominee
1979.0,Anne McCaffrey,The White Dragon,Del Rey Books,,,Nominee
1979.0,Gardner Dozois,Strangers,Berkley Books,,,,Nominee,Nominee
1979.0,Gore Vidal,Kalki,Random House,,,,Nominee
1978.0,Frederik Pohl,Gateway,Galaxy Science Fiction,,,Winner,Winner
1978.0,Marion Zimmer Bradley,The Forbidden Tower,DAW Books,,,Nominee
1978.0,Larry Niven/Jerry Pournelle,Lucifer's Hammer,Playboy Press,,,Nominee
1978.0,Gordon R. Dickson,Time Storm,St. Martin's Press,,,Nominee
1978.0,George R. R. Martin,Dying of the Light,Analog Science Fact & Fiction,,,Nominee
1978.0,Terry Carr,Cirque,Bobbs-Merrill Company,,,,Nominee
1978.0,Gregory Benford,In the Ocean of Night,Dial Press,,,,Nominee
1978.0,David Gerrold,Moonstar Odyssey,New American Library,,,,Nominee
1978.0,Richard A. Lupoff,Sword of the Demon,Harper & Row,,,,Nominee
1977.0,Kate Wilhelm,Where Late the Sweet Birds Sang,Harper & Row,,,Winner,Nominee
1977.0,Frederik Pohl,Man Plus,The Magazine of Fantasy & Science Fiction,,,Nominee,Winner
1977.0,Robert Silverberg,Shadrach in the Furnace,Analog Science Fact & Fiction,,,Nominee,Nominee
1977.0,Joe Haldeman,Mindbridge,St. Martin's Press,,,Nominee
1977.0,Frank Herbert,Children of Dune,Analog Science Fact & Fiction,,In the queue,Nominee
1977.0,Marta Randall,Islands,Pyramid Books,,,,Nominee
1977.0,Samuel R. Delany,Triton,Bantam Books,,,,Nominee
1976.0,Joe Haldeman,The Forever War,St. Martin's Press,Read,Read,Winner,Winner
1976.0,Roger Zelazny,Doorways in the Sand,Analog Science Fact & Fiction,,,Nominee,Nominee
1976.0,Larry Niven/Jerry Pournelle,Inferno,Galaxy Science Fiction,,,Nominee,Nominee
1976.0,Robert Silverberg,The Stochastic Man,Harper & Row,,,Nominee,Nominee
1976.0,Alfred Bester,The Computer Connection (also known as The Indian Giver),Berkley Putnam,,,Nominee
1976.0,Poul Anderson,A Midsummer Tempest,Doubleday,,,,Nominee,Nominee,Winner
1976.0,Arthur Byron Cover,Autumn Angels,Pyramid Books,,,,Nominee
1976.0,Tanith Lee,The Birthgrave,DAW Books,,,,Nominee
1976.0,Alfred Bester,The Computer Connection,Analog Science Fact & Fiction,,,,Nominee
1976.0,Samuel R. Delany,Dhalgren,Bantam Books,,,,Nominee
1976.0,Ian Watson,The Embedding,Charles Scribner's Sons,,,,Nominee
1976.0,Vonda N. McIntyre,The Exile Waiting,Nelson Doubleday,,,,Nominee
1976.0,Joanna Russ,The Female Man,Bantam Books,,,,Nominee
1976.0,Michael Bishop,A Funeral for the Eyes of Fire,Ballantine Books,,,,Nominee
1976.0,Barry N. Malzberg,Guernica Night,Bobbs-Merrill Company,,,,Nominee
1976.0,Marion Zimmer Bradley,The Heritage of Hastur,DAW Books,,,,Nominee
1976.0,Italo Calvino,Invisible Cities,Harcourt Brace Jovanovich,,,,Nominee
1976.0,Katherine MacLean,Missing Man,Berkley Books,,,,Nominee
1976.0,E. L. Doctorow,Ragtime,Random House,,,,Nominee
1975.0,Ursula K. Le Guin,The Dispossessed,Harper & Row,In progress,In progress,Winner,Winner
1975.0,Philip K. Dick,"Flow My Tears, the Policeman Said",Doubleday,,,Nominee,Nominee
1975.0,Larry Niven/Jerry Pournelle,The Mote in God's Eye,Simon & Schuster,,,Nominee,Nominee
1975.0,Poul Anderson,Fire Time,Doubleday,,,Nominee
1975.0,Christopher Priest,Inverted World,Galaxy Science Fiction,,,Nominee
1975.0,Thomas M. Disch,334,Avon,,,,Nominee
1975.0,T. J. Bass,The Godwhale,Ballantine Books,,,,Nominee
1975.0,Richard Adams,Watership Down,Rex Collings,,,,,,Nominee
1975.0,Patricia A. McKillip,The Forgotten Beasts of Eld,Atheneum Books,,,,,,Nominee
1975.0,H. Warner Munn,Merlin's Ring,Ballantine Books,,,,,,Nominee
1975.0,Thomas Burnett Swann,How Are the Mighty Fallen,DAW Books,,,,,,Nominee
1975.0,Evangeline Walton,Prince of Annwn,Ballantine Books,,,,,,Nominee
1974.0,Arthur C. Clarke,Rendezvous with Rama,Galaxy Science Fiction,,,Winner,Winner
1974.0,Robert A. Heinlein,Time Enough for Love,Putnam Publishing Group,,,Nominee,Nominee
1974.0,Poul Anderson,The People of the Wind,Analog Science Fact & Fiction,,,Nominee,Nominee
1974.0,David Gerrold,The Man Who Folded Himself,Random House,,,Nominee,Nominee
1974.0,Larry Niven,Protector,Ballantine Books,,,Nominee
1974.0,Thomas Pynchon,Gravity's Rainbow,Viking Press,,,,Nominee
1974.0,Mary Stewart,The Hollow Hills,Hodder & Stoughton,,,,,,Winner
1974.0,Poul Anderson,Hrolf Kraki's Saga,Ballantine Books,,,,,,Nominee
1974.0,Susan Cooper,The Dark Is Rising,Macmillan,,,,,,Nominee
1974.0,Sanders Anne Laubenthal,Excalibur,Ballantine Books,,,,,,Nominee
1974.0,Katherine Kurtz,High Deryni,Ballantine Books,,,,,,Nominee
1973.0,Isaac Asimov,The Gods Themselves,Galaxy Science Fiction,,,Winner,Winner
1973.0,David Gerrold,When HARLIE Was One,Ballantine Books,,,Nominee,Nominee
1973.0,Robert Silverberg,The Book of Skulls,Charles Scribner's Sons,,,Nominee,Nominee
1973.0,Robert Silverberg,Dying Inside,Galaxy Science Fiction,,,Nominee,Nominee
1973.0,Poul Anderson,There Will Be Time,Signet Books,,,Nominee
1973.0,Clifford D. Simak,A Choice of Gods,Putnam Publishing Group,,,Nominee
1973.0,Norman Spinrad,The Iron Dream,Avon,,,,Nominee
1973.0,John Brunner,The Sheep Look Up,Harper & Row,,,,Nominee
1973.0,George Alec Effinger,What Entropy Means to Me,Doubleday,,,,Nominee
1973.0,Evangeline Walton,The Song of Rhiannon,Ballantine Books,,,,,,Winner
1973.0,Poul Anderson,Dancer from Atlantis,Nelson Doubleday,,,,,,Nominee
1973.0,Katherine Kurtz,Deryni Checkmate,Ballantine Books,,,,,,Nominee
1973.0,Ursula K. Le Guin,The Farthest Shore,Atheneum Books,,,,,,Nominee
1973.0,Thomas Burnett Swann,Green Phoenix,DAW Books,,,,,,Nominee
1973.0,Roger Zelazny,The Guns of Avalon,Doubleday,,,,,,Nominee
1972.0,Philip José Farmer,To Your Scattered Bodies Go,Putnam Publishing Group,,,Winner
1972.0,Robert Silverberg,A Time of Changes,Galaxy Science Fiction,,,Nominee,Winner
1972.0,Ursula K. Le Guin,The Lathe of Heaven,Amazing Stories,,,Nominee,Nominee
1972.0,Anne McCaffrey,Dragonquest,Ballantine Books,,,Nominee
1972.0,Roger Zelazny,Jack of Shadows,The Magazine of Fantasy & Science Fiction,,,Nominee
1972.0,Poul Anderson,The Byworlder,Fantastic,,,,Nominee
1972.0,R. A. Lafferty,The Devil is Dead,Avon Publications,,,,Nominee
1972.0,T. J. Bass,Half Past Human,Ballantine Books,,,,Nominee
1972.0,Kate Wilhelm,Margaret and I,"Little, Brown and Company",,,,Nominee
1972.0,Joy Chant,Red Moon and Black Mountain,George Allen & Unwin,,,,,,Winner
1972.0,John Gardner,Grendel,"Alfred A. Knopf, Gollancz",,,,,,Nominee
1972.0,Isidore Haiblum,The Tsaddik of the Seven Wonders,Ballantine Books,,,,,,Nominee
1972.0,Ursula K. Le Guin,The Tombs of Atuan,Atheneum Books,,,,,,Nominee
1972.0,Michael Moorcock,The Corum Trilogy,Berkley Books,,,,,,Nominee
1972.0,Joan North,The Light Maze,"Farrar, Straus & Giroux",,,,,,Nominee
1972.0,Thomas Burnett Swann,The Forest of Forever,Ace Books,,,,,,Nominee
1972.0,Evangeline Walton,The Children of Llyr,Ballantine Books,,,,,,Nominee
1971.0,Larry Niven,Ringworld,Ballantine Books,,,Winner,Winner
1971.0,Robert Silverberg,Tower of Glass,Charles Scribner's Sons,,,Nominee,Nominee
1971.0,Wilson Tucker,The Year of the Quiet Sun,Ace Books,,,Nominee,Nominee
1971.0,Poul Anderson,Tau Zero,Doubleday,,,Nominee
1971.0,Hal Clement,Star Light,Analog Science Fact & Fiction,,,Nominee
1971.0,Joanna Russ,And Chaos Died,Ace Books,,,,Nominee
1971.0,R. A. Lafferty,Fourth Mansions,Ace Books,,,,Nominee
1971.0,David G. Compton,The Steel Crocodile,Ace Books,,,,Nominee
1971.0,Mary Stewart,The Crystal Cave,"Hodder & Stoughton, William Morrow",,,,,,Winner
1971.0,Lloyd Alexander,The Marvelous Misadventures of Sebastian,E. P. Dutton,,,,,,Nominee
1971.0,Katherine Kurtz,Deryni Rising,Ballantine Books,,,,,,Nominee
1971.0,Roger Zelazny,Nine Princes in Amber,Doubleday,,,,,,Nominee
1970.0,Ursula K. Le Guin,The Left Hand of Darkness,Ace Books,In the queue,In the queue,Winner,Winner
1970.0,Robert Silverberg,Up the Line,Ballantine Books,,,Nominee,Nominee
1970.0,Kurt Vonnegut,Slaughterhouse-Five,Delacorte Press,In the queue,,Nominee,Nominee
1970.0,Norman Spinrad,Bug Jack Barron,Avon Publications,,,Nominee,Nominee
1970.0,Piers Anthony,Macroscope,Avon Publications,,,Nominee
1970.0,Roger Zelazny,Isle of the Dead,Ace Books,,,,Nominee
1970.0,John Brunner,The Jagged Orbit,Ace Books,,,,Nominee
1969.0,John Brunner,Stand on Zanzibar,Doubleday,,,Winner,Nominee
1969.0,Alexei Panshin,Rite of Passage,Ace Books,,,Nominee,Winner
1969.0,R. A. Lafferty,Past Master,Ace Books,,,Nominee,Nominee
1969.0,Samuel R. Delany,Nova,Doubleday,,,Nominee
1969.0,Clifford D. Simak,The Goblin Reservation,Galaxy Science Fiction,,,Nominee
1969.0,James Blish,Black Easter,Doubleday,,,,Nominee
1969.0,Philip K. Dick,Do Androids Dream of Electric Sheep?,Doubleday,,,,Nominee
1969.0,Robert Silverberg,The Masks of Time,Ballantine Books,,,,Nominee
1969.0,Joanna Russ,Picnic on Paradise,Ace Books,,,,Nominee
1968.0,Roger Zelazny,Lord of Light,Doubleday,,,Winner,Nominee
1968.0,Samuel R. Delany,The Einstein Intersection,Ace Books,,,Nominee,Winner
1968.0,Piers Anthony,Chthon,Ballantine Books,,,Nominee,Nominee
1968.0,Robert Silverberg,Thorns,Ballantine Books,,,Nominee,Nominee
1968.0,Chester Anderson,The Butterfly Kid,Pyramid Books,,,Nominee
1968.0,Hayden Howard,The Eskimo Invasion,Ballantine Books,,,,Nominee
1967.0,Robert A. Heinlein,The Moon Is a Harsh Mistress,If,,,Winner
1967.0,Samuel R. Delany,Babel-17,Ace Books,,,Nominee,Winner
1967.0,Daniel Keyes,Flowers for Algernon,Harcourt Trade Publishers,Read,,Nominee,Winner
1967.0,Randall Garrett,Too Many Magicians,Analog Science Fact & Fiction,,,Nominee
1967.0,James H. Schmitz,The Witches of Karres,Chilton Company,,,Nominee
1967.0,Thomas Burnett Swann,Day of the Minotaur,Ace Books,,,Nominee
1966.0,Frank Herbert,Dune,Chilton Company,,Read,Winner,Winner
1966.0,Roger Zelazny,...And Call Me Conrad (also known as This Immortal),The Magazine of Fantasy & Science Fiction,,,Winner
1966.0,Robert A. Heinlein,The Moon Is a Harsh Mistress,If,,,Nominee,Nominee
1966.0,John Brunner,The Squares of the City,Ballantine Books,,,Nominee
1966.0,Edward E. Smith,Skylark DuQuesne,If,,,Nominee
1966.0,Clifford D. Simak,All Flesh is Grass,Doubleday,,,,Nominee
1966.0,Theodore L. Thomas/Kate Wilhelm,The Clone,Berkley Books,,,,Nominee
1966.0,Philip K. Dick,"Dr. Bloodmoney, or How We Got Along After the Bomb",Ace Books,,,,Nominee
1966.0,James White,The Escape Orbit,Ace Books,,,,Nominee
1966.0,Thomas M. Disch,The Genocides,Berkley Books,,,,Nominee
1966.0,William S. Burroughs,Nova Express,Grove Press,,,,Nominee
1966.0,Keith Laumer,A Plague of Demons,Berkley Books,,,,Nominee
1966.0,Avram Davidson,Rogue Dragon,Ace Books,,,,Nominee
1966.0,G. C. Edmondson,The Ship That Sailed the Time Stream,Ace Books,,,,Nominee
1966.0,Poul Anderson,The Star Fox,Doubleday,,,,Nominee
1966.0,Philip K. Dick,The Three Stigmata of Palmer Eldritch,Doubleday,,,,Nominee
1965.0,Fritz Leiber,The Wanderer,Ballantine Books,,,Winner
1965.0,John Brunner,The Whole Man,Ballantine Books,,,Nominee
1965.0,Edgar Pangborn,Davy,Ballantine Books,,,Nominee
1965.0,Cordwainer Smith,The Planet Buyer (also known as The Boy Who Bought Old Earth),Pyramid Books,,,Nominee
1964.0,Clifford D. Simak,Here Gather the Stars (also known as Way Station),Galaxy Science Fiction,,,Winner
1964.0,Robert A. Heinlein,Glory Road,The Magazine of Fantasy & Science Fiction,,,Nominee
1964.0,Andre Norton,Witch World,Ace Books,,,Nominee
1964.0,Frank Herbert,Dune World,Analog Science Fact & Fiction,,,Nominee
1964.0,Kurt Vonnegut,Cat's Cradle,"Holt, Rinehart and Winston",,,Nominee
1963.0,Philip K. Dick,The Man in the High Castle,Putnam Publishing Group,In the queue,,Winner
1963.0,Marion Zimmer Bradley,The Sword of Aldones,Ace Books,,,Nominee
1963.0,Arthur C. Clarke,A Fall of Moondust,Harcourt Trade Publishers,,,Nominee
1963.0,H. Beam Piper,Little Fuzzy,Avon Publications,,,Nominee
1963.0,Jean Bruller (French),Sylva,Putnam Publishing Group,,,Nominee
1962.0,Robert A. Heinlein,Stranger in a Strange Land,Putnam Publishing Group,,,Winner
1962.0,Daniel F. Galouye,Dark Universe,Bantam Books,,,Nominee
1962.0,Harry Harrison,Planet of the Damned (also known as Sense of Obligation),Analog Science Fact & Fiction,,,Nominee
1962.0,Clifford D. Simak,The Fisherman (also known as Time Is the Simplest Thing),Analog Science Fact & Fiction,,,Nominee
1962.0,James White,Second Ending,Fantastic,,,Nominee
1961.0,"Walter M. Miller, Jr.",A Canticle for Leibowitz,J. B. Lippincott & Co.,,,Winner
1961.0,Poul Anderson,The High Crusade,Astounding Science-Fiction,,,Nominee
1961.0,Algis Budrys,Rogue Moon,The Magazine of Fantasy & Science Fiction,,,Nominee
1961.0,Harry Harrison,Deathworld,Astounding Science-Fiction,,,Nominee
1961.0,Theodore Sturgeon,Venus Plus X,Pyramid Books,,,Nominee
1960.0,Robert A. Heinlein,Starship Troopers,The Magazine of Fantasy & Science Fiction,,,Winner
1960.0,Gordon R. Dickson,Dorsai! (also known as The Genetic General),Astounding Science-Fiction,,,Nominee
1960.0,Murray Leinster,The Pirates of Ersatz (also known as The Pirates of Zan),Astounding Science-Fiction,,,Nominee
1960.0,Mark Phillips,That Sweet Little Old Lady (also known as Brain Twister),Astounding Science-Fiction,,,Nominee
1960.0,Kurt Vonnegut,The Sirens of Titan,Dell Publishing,,,Nominee
1959.0,James Blish,A Case of Conscience,Ballantine Books,,,Winner
1959.0,Poul Anderson,We Have Fed Our Sea (also known as The Enemy Stars),Astounding Science-Fiction,,,Nominee
1959.0,Algis Budrys,Who?,Pyramid Books,,,Nominee
1959.0,Robert A. Heinlein,Have Space Suit — Will Travel,The Magazine of Fantasy & Science Fiction,,,Nominee
1959.0,Robert Sheckley,"Time Killer (also known as Immortality, Inc.)",Galaxy Science Fiction,,,Nominee
1958.0,Fritz Leiber,The Big Time,Galaxy Science Fiction,,,Winner
1956.0,Robert A. Heinlein,Double Star,Astounding Science-Fiction,Read,Read,Winner
1956.0,Eric Frank Russell,Call Him Dead (also known as Three to Conquer),Astounding Science-Fiction,,,Nominee
1956.0,Isaac Asimov,The End of Eternity,Doubleday,,,Nominee
1956.0,Cyril M. Kornbluth,Not This August,Doubleday,,,Nominee
1956.0,Leigh Brackett,The Long Tomorrow,Doubleday,,,Nominee
1955.0,Mark Clifton/Frank Riley,They'd Rather Be Right (also known as The Forever Machine),Astounding Science-Fiction,,,Winner
1954.0,Ray Bradbury,Fahrenheit 451,Ballantine Books,In the queue,,Winner
1954.0,Arthur C. Clarke,Childhood's End,Ballantine Books,,,Nominee
1954.0,Hal Clement,Mission of Gravity,Astounding Science-Fiction,,,Nominee
1954.0,Isaac Asimov,The Caves of Steel,Galaxy Science Fiction,,In the queue,Nominee
1954.0,Theodore Sturgeon,More Than Human,"Farrar, Straus and Giroux",,,Nominee
1953.0,Alfred Bester,The Demolished Man,Galaxy Science Fiction,,,Winner
1951.0,Robert A. Heinlein,Farmer in the Sky,Boys' Life,,,Winner
1951.0,Isaac Asimov,Pebble in the Sky,Doubleday,,,Nominee
1951.0,C. S. Lewis,"The Lion, the Witch and the Wardrobe",Geoffrey Bles,Read,Read,Nominee
1951.0,E. E. Smith,First Lensman,Fantasy Press,,,Nominee
1951.0,Jack Vance,The Dying Earth,Hillman Periodicals,,,Nominee
1946.0,Isaac Asimov,The Mule,Astounding Science-Fiction,,,Winner
1946.0,A. E. van Vogt,The World of Null-A,Astounding Science-Fiction,,,Nominee
1946.0,C. S. Lewis,That Hideous Strength (also known as The Tortured Planet),John Lane,,,Nominee
1946.0,Fritz Leiber,Destiny Times Three,Astounding Science-Fiction,,,Nominee
1946.0,Edmond Hamilton (as Brett Sterling),Red Sun of Danger (also known as Danger Planet),Startling Stories,,,Nominee
1945.0,Leigh Brackett,Shadow Over Mars (The Nemesis from Terra),Startling Stories,,,Winner
1945.0,Robert Graves,The Golden Fleece,Cassell,,,Nominee
1945.0,Edgar Rice Burroughs,Land of Terror,"Edgar Rice Burroughs, Inc.",,,Nominee
1945.0,Olaf Stapledon,Sirius: A Fantasy of Love and Discord,Secker & Warburg,,,Nominee
1945.0,Eric Linklater,The Wind on the Moon,Macmillan Publishers,,,Nominee
1945.0,A. E. van Vogt/Edna Mayne Hull,The Winged Man,Astounding Science-Fiction,,,Nominee
1944.0,Fritz Leiber,Conjure Wife,Unknown Worlds,,,Winner
1944.0,C. L. Moore/Henry Kuttner,Earth's Last Citadel,Argosy,,,Nominee
1944.0,Fritz Leiber,"Gather, Darkness!",Astounding Science-Fiction,,,Nominee
1944.0,Hermann Hesse,Das Glasperlenspiel (The Glass Bead Game),Fretz & Wasmuth,,,Nominee
1944.0,C. S. Lewis,Perelandra,"John Lane, The Bodley Head",,,Nominee
1944.0,A. E. van Vogt,The Weapon Makers,Astounding Science-Fiction,,,Nominee
1943.0,Robert A. Heinlein (as Anson MacDonald),Beyond This Horizon,Astounding Science Fiction,,,Winner
1943.0,Olaf Stapledon,Darkness and the Light,Methuen Publishing,,,Nominee
1943.0,Curt Siodmak,Donovan's Brain,Black Mask,,,Nominee
1943.0,Austin Tappan Wright,Islandia,Farrar & Rinehart,,,Nominee
1943.0,E. E. Smith,Second Stage Lensmen,Astounding Science Fiction,,,Nominee
1943.0,Dorothy Macardle,The Uninvited,Doubleday,,,Nominee
1941.0,A. E. van Vogt,Slan,Astounding Science Fiction,,,Winner
1941.0,E. E. Smith,Gray Lensman,Astounding Science Fiction,,,Nominee
1941.0,T. H. White,The Ill-Made Knight,"William Collins, Sons",,,Nominee
1941.0,Karin Boye,Kallocain,Bonnier Group,,,Nominee
1941.0,Jack Williamson,The Reign of Wizardry,Unknown,,,Nominee
1939.0,T. H. White,The Sword in the Stone,"William Collins, Sons",,,Winner
1939.0,Edgar Rice Burroughs,Carson of Venus,Argosy,,,Nominee
1939.0,E. E. Smith,Galactic Patrol,Astounding Stories,,,Nominee
1939.0,Jack Williamson,The Legion of Time,Astounding Science-Fiction,,,Nominee
1939.0,C. S. Lewis,Out of the Silent Planet,The Bodley Head,,,Nominee
